strategy,seed,iteration,num_labeled_samples,query_time,test_mAP,test_mAP_oth,num_segments_oth,test_mAP_whp,num_segments_whp,test_mAP_rum,num_segments_rum,test_mAP_grn,num_segments_grn,test_mAP_gig,num_segments_gig,test_mAP_str,num_segments_str,test_mAP_fed,num_segments_fed,test_mAP_sql,num_segments_sql,test_mAP_snr,num_segments_snr,test_mAP_gwl,num_segments_gwl
badge-greedy-dpp,0,0,300,0.000395,0.226588,0.128717,13,0.445598,8,0.023074,1,0.720856,18,0.068503,4,0.025171,3,0.713129,30,0.129564,4,0.002441,0,0.008826,0
badge-greedy-dpp,0,1,600,16.616207,0.417021,0.230465,114,0.687155,83,0.520773,26,0.794725,125,0.320600,53,0.226669,26,0.714257,94,0.519417,88,0.100499,3,0.055644,14
badge-greedy-dpp,0,2,900,13.96441,0.543286,0.299473,217,0.721371,148,0.602535,54,0.814286,212,0.438748,107,0.323427,68,0.765022,166,0.556035,174,0.754855,19,0.157111,25
badge-greedy-dpp,0,3,1200,13.973719,0.580066,0.310590,320,0.752042,202,0.601569,88,0.823013,286,0.464551,174,0.393188,103,0.779239,243,0.581315,256,0.851655,47,0.243500,50
badge-greedy-dpp,0,4,1500,15.020643,0.607614,0.332051,426,0.772787,237,0.652004,127,0.839047,348,0.489564,234,0.421377,129,0.794725,311,0.595511,332,0.871384,57,0.307688,74
badge-greedy-dpp,0,5,1800,16.852564,0.617142,0.338858,531,0.777157,284,0.640321,159,0.850551,417,0.496478,275,0.414367,152,0.802190,378,0.605661,393,0.873775,65,0.372060,93
badge-greedy-dpp,0,6,2100,15.232057,0.626020,0.351661,632,0.789058,324,0.663299,199,0.850803,469,0.500600,311,0.437428,167,0.805518,432,0.622170,451,0.900409,78,0.339252,115
badge-greedy-dpp,0,7,2400,24.560543,0.634814,0.342014,716,0.800039,367,0.667301,227,0.859493,543,0.515674,355,0.446336,193,0.814644,491,0.628168,521,0.900427,96,0.374042,126
badge-greedy-dpp,0,8,2700,23.824855,0.641007,0.359614,802,0.799337,402,0.676252,259,0.864550,592,0.512927,393,0.440194,211,0.812430,552,0.632478,579,0.902450,104,0.409842,142
badge-greedy-dpp,0,9,3000,21.637007,0.649393,0.365507,893,0.799990,440,0.677456,283,0.867724,652,0.531132,424,0.468024,228,0.820579,620,0.637414,617,0.917337,117,0.408765,154
badge-greedy-dpp,1,0,300,0.000304,0.285282,0.111367,10,0.531637,7,0.077027,5,0.700248,18,0.071895,7,0.015300,2,0.693401,27,0.241967,6,0.353293,1,0.056685,1
badge-greedy-dpp,1,1,600,15.605005,0.507942,0.268233,105,0.719101,66,0.560624,41,0.797806,86,0.359277,58,0.171681,18,0.736604,102,0.537356,88,0.772127,18,0.156610,22
badge-greedy-dpp,1,2,900,19.131518,0.567515,0.303306,228,0.734761,109,0.610558,73,0.829998,154,0.416099,117,0.307464,58,0.771590,195,0.567735,179,0.866038,39,0.267600,52
badge-greedy-dpp,1,3,1200,15.560871,0.596968,0.312867,338,0.757527,167,0.630719,107,0.834588,215,0.475563,185,0.345674,86,0.799092,264,0.596896,256,0.871900,58,0.344851,76
badge-greedy-dpp,1,4,1500,14.487881,0.606111,0.310821,436,0.763976,215,0.636431,139,0.848937,290,0.488674,237,0.383155,112,0.794545,333,0.609047,331,0.867662,71,0.357864,95
badge-greedy-dpp,1,5,1800,15.18931,0.621823,0.338005,534,0.780537,250,0.658815,172,0.853365,363,0.491982,276,0.417819,134,0.804024,402,0.620009,392,0.884809,91,0.368865,110
badge-greedy-dpp,1,6,2100,17.193012,0.629449,0.344466,630,0.782880,290,0.660730,207,0.858020,425,0.503435,314,0.425418,161,0.805960,462,0.621318,454,0.882630,100,0.409635,126
badge-greedy-dpp,1,7,2400,14.839542,0.633086,0.360201,723,0.790718,332,0.668108,232,0.863382,474,0.503561,347,0.428167,179,0.812361,531,0.622945,512,0.887711,109,0.393705,136
badge-greedy-dpp,1,8,2700,22.1891,0.635935,0.362685,816,0.794064,369,0.682090,264,0.865250,526,0.499823,397,0.419885,199,0.817441,596,0.638311,566,0.897828,122,0.381975,147
badge-greedy-dpp,1,9,3000,17.166504,0.646602,0.366059,896,0.799335,411,0.681022,284,0.869386,586,0.531418,439,0.452063,217,0.816546,659,0.627444,618,0.900540,128,0.422202,163
badge-greedy-dpp,2,0,300,0.000293,0.179957,0.039515,12,0.330999,6,0.108621,6,0.540232,14,0.003521,3,0.007524,1,0.613515,23,0.152384,4,0.001291,0,0.001966,0
badge-greedy-dpp,2,1,600,15.033922,0.422662,0.218468,78,0.717712,97,0.524856,25,0.791027,128,0.198303,28,0.119046,18,0.723469,82,0.476851,52,0.417429,3,0.039454,9
badge-greedy-dpp,2,2,900,18.96907,0.550596,0.289920,199,0.749606,157,0.612692,72,0.808753,202,0.432023,103,0.348336,52,0.758904,157,0.547382,153,0.811101,26,0.147238,38
badge-greedy-dpp,2,3,1200,18.258026,0.584647,0.294796,325,0.755653,217,0.634040,111,0.824629,262,0.471672,173,0.365964,90,0.778920,219,0.566079,240,0.809982,38,0.344734,64
badge-greedy-dpp,2,4,1500,15.3709,0.602178,0.326098,433,0.767562,264,0.644843,145,0.839093,343,0.471185,221,0.379820,118,0.785292,288,0.586703,310,0.851975,54,0.369208,84
badge-greedy-dpp,2,5,1800,22.051153,0.611696,0.332900,527,0.783527,310,0.656979,184,0.849794,418,0.489925,278,0.396630,141,0.794174,342,0.603613,380,0.868056,75,0.341365,100
badge-greedy-dpp,2,6,2100,15.15153,0.622767,0.342861,622,0.787329,348,0.664973,221,0.850644,480,0.503113,315,0.415448,163,0.804418,414,0.606122,433,0.863909,88,0.388853,116
badge-greedy-dpp,2,7,2400,14.950341,0.627775,0.342487,717,0.800529,385,0.664693,249,0.857265,548,0.491564,361,0.440295,184,0.809633,492,0.610600,510,0.881378,97,0.379303,126
badge-greedy-dpp,2,8,2700,15.180499,0.629143,0.330521,823,0.803367,422,0.672393,278,0.865806,610,0.505906,405,0.406005,204,0.813314,551,0.624758,572,0.880316,109,0.389045,145
badge-greedy-dpp,2,9,3000,13.991139,0.642323,0.363917,908,0.809735,451,0.677186,305,0.864136,657,0.503899,439,0.431667,223,0.815269,619,0.634538,620,0.889903,123,0.432978,158
badge-greedy-dpp,3,0,300,0.000296,0.133922,0.010062,8,0.379413,5,0.103778,6,0.155731,6,0.005436,2,0.008221,4,0.669715,22,0.004731,3,0.001370,0,0.000768,0
badge-greedy-dpp,3,1,600,14.923577,0.389972,0.213862,57,0.691524,81,0.502385,35,0.752588,72,0.318780,21,0.131226,13,0.759776,78,0.460308,32,0.038111,1,0.031163,10
badge-greedy-dpp,3,2,900,15.237633,0.526702,0.263549,191,0.723121,153,0.577412,90,0.810337,156,0.437148,97,0.315865,58,0.780924,145,0.528544,141,0.690498,13,0.139622,33
badge-greedy-dpp,3,3,1200,13.596322,0.573714,0.303481,301,0.732384,203,0.617291,128,0.824212,240,0.459358,161,0.362881,85,0.782019,211,0.570967,220,0.815034,30,0.269515,54
badge-greedy-dpp,3,4,1500,13.928897,0.595332,0.303613,411,0.757478,245,0.609942,158,0.833677,310,0.483927,226,0.386431,116,0.789753,285,0.583022,300,0.845308,47,0.360166,77
badge-greedy-dpp,3,5,1800,15.13807,0.619725,0.329645,515,0.763040,287,0.658183,195,0.845617,369,0.515475,271,0.419823,140,0.807717,346,0.617575,367,0.873028,65,0.367149,100
badge-greedy-dpp,3,6,2100,15.669326,0.623134,0.332174,617,0.779398,334,0.650264,229,0.854328,427,0.508611,311,0.426596,162,0.812860,419,0.622252,438,0.860446,75,0.384407,117
badge-greedy-dpp,3,7,2400,15.475745,0.628722,0.347000,703,0.783016,373,0.651055,255,0.850419,502,0.515903,349,0.433244,182,0.810995,481,0.625958,503,0.880062,91,0.389572,131
badge-greedy-dpp,3,8,2700,14.116316,0.640212,0.359125,784,0.791773,403,0.663705,283,0.860543,563,0.525781,386,0.447263,199,0.818007,552,0.642379,557,0.890734,104,0.402814,145
badge-greedy-dpp,3,9,3000,14.30596,0.640435,0.352523,888,0.797586,447,0.668979,309,0.868578,628,0.521788,432,0.444642,227,0.821651,617,0.636090,607,0.894552,116,0.397964,154
badge-greedy-dpp,4,0,300,0.000307,0.164478,0.018828,5,0.388112,5,0.032458,3,0.372979,9,0.003511,3,0.003411,3,0.639010,26,0.077388,6,0.104297,1,0.004784,2
badge-greedy-dpp,4,1,600,14.086222,0.446629,0.233575,62,0.692869,83,0.516440,31,0.775948,77,0.187664,15,0.178570,11,0.731982,71,0.479772,48,0.614029,14,0.055441,10
badge-greedy-dpp,4,2,900,15.063415,0.542700,0.281909,177,0.738506,155,0.584538,72,0.815833,153,0.412905,79,0.322710,53,0.761165,118,0.530997,140,0.820914,39,0.157526,27
badge-greedy-dpp,4,3,1200,14.972736,0.579001,0.305237,289,0.765044,211,0.611979,104,0.827239,226,0.449860,149,0.368869,84,0.792640,194,0.582686,229,0.855433,51,0.231023,50
badge-greedy-dpp,4,4,1500,15.159572,0.597935,0.321415,390,0.773990,270,0.638359,142,0.836838,289,0.474428,199,0.409337,109,0.801774,252,0.592067,288,0.869634,66,0.261512,70
badge-greedy-dpp,4,5,1800,15.215324,0.616466,0.331695,501,0.778579,300,0.647569,182,0.842792,359,0.502074,251,0.426797,139,0.805701,322,0.613117,372,0.885274,79,0.331057,88
badge-greedy-dpp,4,6,2100,13.971282,0.623541,0.344556,597,0.789491,341,0.642408,220,0.851441,424,0.501224,299,0.433655,160,0.809839,385,0.610427,436,0.884985,91,0.367387,114
badge-greedy-dpp,4,7,2400,14.027536,0.632611,0.358915,694,0.796073,390,0.662691,247,0.857284,478,0.511312,344,0.444866,182,0.815532,442,0.612446,506,0.888962,103,0.378033,130
badge-greedy-dpp,4,8,2700,15.112209,0.637925,0.354054,781,0.803149,427,0.671046,275,0.864584,542,0.516317,385,0.427479,207,0.812944,513,0.620624,564,0.904794,115,0.404256,143
badge-greedy-dpp,4,9,3000,14.272777,0.651820,0.369235,868,0.809139,468,0.682962,297,0.864991,594,0.516283,418,0.453663,225,0.819971,586,0.630471,609,0.923862,123,0.447627,150
badge-greedy-dpp,5,0,300,0.000298,0.200096,0.044446,8,0.465349,6,0.074658,2,0.533561,14,0.030264,2,0.009729,2,0.700554,26,0.127393,3,0.010511,1,0.004491,0
badge-greedy-dpp,5,1,600,15.254032,0.436687,0.240565,96,0.692708,65,0.525609,25,0.743512,93,0.291783,37,0.078149,24,0.765266,107,0.502956,81,0.508992,4,0.017332,15
badge-greedy-dpp,5,2,900,15.101501,0.551537,0.294547,204,0.735922,116,0.591114,59,0.815242,172,0.428258,97,0.359692,58,0.780080,183,0.550828,154,0.828770,42,0.130916,29
badge-greedy-dpp,5,3,1200,17.999275,0.584845,0.314739,315,0.751234,163,0.618741,99,0.827874,246,0.473299,154,0.382822,87,0.786686,251,0.584488,235,0.848682,57,0.259885,57
badge-greedy-dpp,5,4,1500,15.168325,0.600019,0.312233,414,0.774363,223,0.626875,126,0.839886,311,0.477599,206,0.408428,111,0.793572,317,0.608914,317,0.855742,67,0.302575,84
badge-greedy-dpp,5,5,1800,13.354791,0.620619,0.338117,526,0.789727,273,0.651788,167,0.849054,365,0.502035,257,0.410892,140,0.809784,389,0.606803,383,0.880146,81,0.367849,100
badge-greedy-dpp,5,6,2100,14.338981,0.627097,0.331336,623,0.785523,317,0.666380,197,0.852315,428,0.510924,303,0.411408,164,0.812676,455,0.620485,455,0.887081,92,0.392841,115
badge-greedy-dpp,5,7,2400,15.085683,0.628632,0.344584,720,0.800204,353,0.654899,226,0.854777,493,0.521072,341,0.431786,191,0.807534,517,0.622660,516,0.899510,101,0.349293,133
badge-greedy-dpp,5,8,2700,13.837904,0.643797,0.354650,807,0.811818,395,0.670886,252,0.862374,552,0.528632,375,0.437479,212,0.819901,581,0.627055,575,0.916730,112,0.408446,144
badge-greedy-dpp,5,9,3000,14.972606,0.639168,0.351862,899,0.807688,439,0.668718,277,0.863335,610,0.526490,417,0.424208,232,0.821754,649,0.638826,624,0.903588,122,0.385212,155
badge-greedy-dpp,6,0,300,0.0003,0.186521,0.050806,11,0.271750,5,0.028043,2,0.445052,12,0.023290,7,0.003783,3,0.593872,18,0.123545,6,0.322138,2,0.002935,0
badge-greedy-dpp,6,1,600,15.002214,0.457714,0.201045,71,0.668872,95,0.443483,19,0.795166,73,0.323846,37,0.168934,19,0.649792,67,0.496187,50,0.782597,12,0.047217,9
badge-greedy-dpp,6,2,900,14.55226,0.537956,0.279154,180,0.708171,165,0.594987,56,0.823193,145,0.424238,93,0.294747,55,0.725301,136,0.537846,137,0.859522,34,0.132398,34
badge-greedy-dpp,6,3,1200,15.225387,0.574453,0.316922,288,0.753573,224,0.616129,101,0.828019,226,0.455585,160,0.358895,85,0.748055,198,0.560654,219,0.873013,48,0.233688,50
badge-greedy-dpp,6,4,1500,15.057048,0.599686,0.322893,391,0.766966,270,0.646513,138,0.839897,291,0.476085,211,0.405299,110,0.773723,273,0.591974,296,0.886152,61,0.287357,73
badge-greedy-dpp,6,5,1800,14.586913,0.608260,0.311280,489,0.783684,317,0.655611,164,0.847411,352,0.471030,256,0.410679,131,0.779453,344,0.607939,369,0.886403,77,0.329107,93
badge-greedy-dpp,6,6,2100,16.530494,0.622868,0.340068,582,0.793793,366,0.655285,193,0.852951,420,0.491844,307,0.437102,151,0.786468,398,0.622392,433,0.899384,87,0.349395,107
badge-greedy-dpp,6,7,2400,15.058724,0.631043,0.346105,671,0.802300,400,0.664534,220,0.852124,475,0.497400,337,0.461702,176,0.788789,449,0.628275,482,0.906656,106,0.362548,117
badge-greedy-dpp,6,8,2700,14.168222,0.645676,0.364434,759,0.809035,438,0.668572,246,0.858166,534,0.521506,375,0.452047,199,0.798687,510,0.645153,534,0.914515,119,0.424646,131
badge-greedy-dpp,6,9,3000,15.130356,0.639968,0.350801,846,0.808302,471,0.672375,268,0.864194,588,0.517770,407,0.456953,213,0.807965,582,0.629254,592,0.928323,131,0.363743,145
badge-greedy-dpp,7,0,300,0.000296,0.162548,0.040852,12,0.286056,7,0.027434,6,0.443353,14,0.019794,3,0.003054,3,0.665626,24,0.108241,2,0.029398,2,0.001676,0
badge-greedy-dpp,7,1,600,16.283731,0.444442,0.240657,61,0.673833,81,0.507809,25,0.791396,82,0.181483,26,0.159280,16,0.748800,89,0.493168,40,0.629704,6,0.018294,5
badge-greedy-dpp,7,2,900,14.542901,0.539307,0.279493,174,0.726367,138,0.583596,56,0.809342,150,0.392001,84,0.314831,51,0.778136,173,0.530935,120,0.823568,33,0.154799,28
badge-greedy-dpp,7,3,1200,14.338846,0.580370,0.300778,287,0.755753,197,0.615457,93,0.822957,215,0.454204,151,0.370693,82,0.793110,241,0.569193,209,0.846220,42,0.275331,47
badge-greedy-dpp,7,4,1500,16.844966,0.594415,0.302375,413,0.743959,237,0.629180,119,0.842167,273,0.457483,214,0.369936,112,0.802489,307,0.577078,292,0.864488,61,0.354996,76
badge-greedy-dpp,7,5,1800,15.299349,0.612663,0.329381,504,0.771564,278,0.638744,156,0.846038,352,0.494096,259,0.380894,138,0.802957,375,0.601007,367,0.891458,75,0.370493,90
badge-greedy-dpp,7,6,2100,15.848804,0.625737,0.341773,610,0.789778,328,0.657182,191,0.855296,418,0.506273,307,0.414029,162,0.809530,437,0.607901,443,0.894487,86,0.381119,117
badge-greedy-dpp,7,7,2400,15.167831,0.638100,0.337234,705,0.791066,362,0.665875,221,0.855564,486,0.524281,348,0.445504,187,0.818146,506,0.626090,501,0.914901,97,0.402334,135
badge-greedy-dpp,7,8,2700,15.145393,0.645730,0.358636,789,0.795892,399,0.669572,254,0.860343,548,0.522356,380,0.462150,211,0.819720,572,0.630351,556,0.924708,109,0.413571,148
badge-greedy-dpp,7,9,3000,15.209712,0.638027,0.355900,878,0.799963,428,0.670307,279,0.861121,596,0.521221,416,0.408923,227,0.821914,645,0.619839,606,0.925179,120,0.395903,161
badge-greedy-dpp,8,0,300,0.000295,0.247213,0.136972,17,0.553826,8,0.057887,4,0.683154,16,0.064890,3,0.052780,4,0.674266,27,0.225158,6,0.009128,1,0.014068,1
badge-greedy-dpp,8,1,600,15.148409,0.466643,0.250364,142,0.693400,81,0.541642,29,0.786329,93,0.369062,59,0.256343,36,0.729460,111,0.508917,104,0.434225,7,0.096690,27
badge-greedy-dpp,8,2,900,14.487804,0.555623,0.295031,248,0.739577,140,0.577740,63,0.821369,153,0.440564,125,0.361625,75,0.759288,176,0.572831,195,0.789252,28,0.198957,47
badge-greedy-dpp,8,3,1200,15.17562,0.587873,0.314313,361,0.748584,171,0.597938,102,0.837362,213,0.462477,192,0.394319,104,0.786042,258,0.573081,277,0.853666,41,0.310944,74
badge-greedy-dpp,8,4,1500,22.045263,0.608160,0.334046,442,0.769098,231,0.634531,144,0.844781,274,0.503401,231,0.401814,131,0.787448,316,0.608067,334,0.846632,53,0.351782,92
badge-greedy-dpp,8,5,1800,17.100736,0.625124,0.340884,545,0.788543,274,0.642276,178,0.853532,336,0.507777,276,0.421767,152,0.799341,398,0.628047,415,0.868960,76,0.400111,111
badge-greedy-dpp,8,6,2100,15.179103,0.631198,0.354438,634,0.795432,313,0.659381,205,0.858591,412,0.516758,315,0.432380,172,0.801238,458,0.618984,487,0.885906,95,0.388875,127
badge-greedy-dpp,8,7,2400,15.149042,0.640892,0.356593,718,0.804745,352,0.675260,231,0.859735,473,0.517217,355,0.435759,198,0.804551,525,0.628815,544,0.905983,112,0.420266,141
badge-greedy-dpp,8,8,2700,15.21585,0.645640,0.361463,814,0.809611,392,0.673535,259,0.863642,529,0.529880,395,0.430558,216,0.812518,594,0.637169,582,0.919763,120,0.418260,156
badge-greedy-dpp,8,9,3000,16.958579,0.648335,0.366147,906,0.808507,428,0.686514,295,0.869870,580,0.518023,420,0.432903,235,0.816183,656,0.625677,630,0.931602,132,0.427924,166
badge-greedy-dpp,9,0,300,0.000306,0.197150,0.118764,14,0.224938,5,0.067116,3,0.598295,10,0.045170,4,0.023178,4,0.712982,29,0.162420,9,0.006783,1,0.011853,1
badge-greedy-dpp,9,1,600,14.615304,0.427592,0.242899,76,0.615268,24,0.523562,29,0.768497,120,0.205244,39,0.061773,21,0.734194,114,0.499898,63,0.607815,4,0.016774,6
badge-greedy-dpp,9,2,900,14.996109,0.529444,0.268064,203,0.715477,101,0.583821,70,0.810931,200,0.432302,126,0.273581,47,0.768298,194,0.521399,165,0.773077,26,0.147488,33
badge-greedy-dpp,9,3,1200,13.915652,0.563186,0.285600,316,0.741150,159,0.612021,104,0.820106,266,0.468453,185,0.355048,89,0.794409,269,0.567497,238,0.816370,40,0.171202,51
badge-greedy-dpp,9,4,1500,15.033406,0.589996,0.296758,427,0.747606,204,0.620194,138,0.836222,337,0.470507,247,0.405515,117,0.806195,326,0.586445,314,0.854551,55,0.275963,70
badge-greedy-dpp,9,5,1800,13.859835,0.608703,0.323516,536,0.769939,257,0.645889,173,0.839428,400,0.503188,289,0.378058,145,0.805701,384,0.602054,380,0.890485,79,0.328776,92
badge-greedy-dpp,9,6,2100,15.105458,0.622436,0.335607,631,0.774919,305,0.650842,208,0.848871,465,0.510780,328,0.415315,168,0.809558,443,0.620721,437,0.902700,91,0.355043,112
badge-greedy-dpp,9,7,2400,15.105559,0.631700,0.329825,740,0.790811,341,0.649782,248,0.856259,529,0.505200,364,0.421973,189,0.813744,516,0.616513,501,0.910762,101,0.422130,130
badge-greedy-dpp,9,8,2700,13.865854,0.639444,0.331380,822,0.800653,379,0.665564,274,0.857761,573,0.515421,395,0.418665,212,0.819383,568,0.632672,560,0.923015,111,0.429930,144
badge-greedy-dpp,9,9,3000,21.276647,0.634753,0.348188,907,0.803173,410,0.660198,296,0.860750,630,0.515530,432,0.395110,231,0.821842,633,0.627610,615,0.923914,119,0.391217,155
badge-kmeans++,0,0,300,0.002244,0.149903,0.056772,13,0.283112,5,0.022936,6,0.399865,11,0.008661,2,0.010968,2,0.643587,24,0.025726,4,0.044816,1,0.002586,3
badge-kmeans++,0,1,600,23.42707,0.338056,0.128229,26,0.637908,19,0.365904,13,0.742166,27,0.153973,9,0.060146,5,0.741819,58,0.339951,14,0.178362,2,0.032100,6
badge-kmeans++,0,2,900,9.501199,0.508598,0.237028,126,0.709570,57,0.564100,32,0.804823,89,0.389348,61,0.275602,25,0.776698,148,0.512148,93,0.668767,11,0.147900,27
badge-kmeans++,0,3,1200,9.626605,0.551489,0.258593,213,0.736620,89,0.605216,57,0.818508,123,0.461745,110,0.334874,41,0.804490,234,0.552720,157,0.736162,18,0.205959,38
badge-kmeans++,0,4,1500,10.134401,0.567447,0.290516,275,0.735053,117,0.585865,73,0.835191,156,0.475754,134,0.385327,63,0.811098,319,0.568832,204,0.818353,27,0.168476,48
badge-kmeans++,0,5,1800,9.797281,0.596912,0.315271,351,0.754260,142,0.617601,85,0.841412,192,0.478334,164,0.390637,86,0.811051,414,0.575476,258,0.876095,35,0.308979,59
badge-kmeans++,0,6,2100,10.245322,0.606453,0.342876,421,0.762422,158,0.627855,104,0.846807,229,0.479479,197,0.372353,97,0.817400,524,0.590151,294,0.899156,42,0.326031,68
badge-kmeans++,0,7,2400,9.801602,0.613040,0.330724,485,0.762807,192,0.625909,121,0.847341,265,0.487181,219,0.420285,112,0.827094,629,0.593879,333,0.900107,45,0.335073,78
badge-kmeans++,0,8,2700,9.600565,0.614013,0.337932,555,0.775802,218,0.627496,142,0.847873,305,0.498791,249,0.381161,124,0.823466,732,0.605282,374,0.902570,48,0.339762,93
badge-kmeans++,0,9,3000,10.04681,0.628548,0.350071,624,0.780470,248,0.641230,156,0.861369,343,0.492299,273,0.408353,134,0.831376,823,0.615968,419,0.917121,52,0.387226,100
badge-kmeans++,1,0,300,0.000297,0.255981,0.121055,8,0.584291,13,0.031739,1,0.669438,19,0.099932,3,0.067980,4,0.663980,28,0.297210,7,0.005241,0,0.018942,1
badge-kmeans++,1,1,600,12.053434,0.413533,0.208697,87,0.707342,76,0.483307,19,0.782165,67,0.296527,50,0.201823,17,0.758688,127,0.504730,61,0.098955,1,0.093099,14
badge-kmeans++,1,2,900,9.716821,0.522124,0.245135,127,0.732976,101,0.572035,43,0.795461,104,0.404634,70,0.300319,31,0.786834,183,0.538189,95,0.726830,10,0.118825,25
badge-kmeans++,1,3,1200,9.967214,0.560973,0.253113,194,0.736698,126,0.583763,61,0.823762,138,0.400662,103,0.319298,46,0.789640,274,0.536652,147,0.871002,25,0.295139,38
badge-kmeans++,1,4,1500,9.485793,0.581691,0.293219,264,0.758856,151,0.609061,79,0.829815,169,0.441667,146,0.346821,64,0.818861,351,0.562171,190,0.875337,28,0.281098,52
badge-kmeans++,1,5,1800,10.469904,0.585649,0.306136,319,0.766158,179,0.623027,93,0.838567,201,0.453689,170,0.344243,82,0.824900,437,0.577329,231,0.865048,34,0.257390,55
badge-kmeans++,1,6,2100,19.429884,0.584978,0.282137,392,0.767101,204,0.637514,106,0.838355,241,0.473927,198,0.384510,101,0.824749,526,0.575937,280,0.869031,39,0.196523,64
badge-kmeans++,1,7,2400,10.558635,0.615841,0.330125,463,0.780821,231,0.642236,130,0.844753,278,0.493126,225,0.421763,111,0.826781,613,0.600605,323,0.874792,43,0.343408,75
badge-kmeans++,1,8,2700,11.032815,0.612605,0.319180,535,0.787004,256,0.641909,150,0.851221,318,0.499597,252,0.396926,122,0.836754,714,0.595069,372,0.881227,49,0.317163,88
badge-kmeans++,1,9,3000,14.123018,0.621311,0.322951,599,0.788971,277,0.644991,174,0.852262,358,0.508386,281,0.410368,132,0.835981,810,0.603269,404,0.874298,54,0.371633,96
badge-kmeans++,2,0,300,0.000292,0.227888,0.112023,13,0.554173,9,0.020938,0,0.637294,11,0.090851,2,0.018453,1,0.654861,29,0.159221,9,0.018054,1,0.013009,2
badge-kmeans++,2,1,600,10.641145,0.443233,0.198296,50,0.679250,48,0.470526,10,0.789590,57,0.284041,25,0.076710,6,0.750668,107,0.369516,39,0.778751,7,0.034977,9
badge-kmeans++,2,2,900,11.474637,0.527472,0.269279,134,0.693096,84,0.552438,27,0.801057,97,0.415726,71,0.287030,24,0.780489,195,0.513150,104,0.859630,22,0.102829,27
badge-kmeans++,2,3,1200,10.846358,0.559892,0.279548,217,0.723650,108,0.576158,42,0.815203,130,0.426263,101,0.325026,45,0.800102,299,0.570773,158,0.884764,28,0.197435,36
badge-kmeans++,2,4,1500,11.188686,0.581345,0.289120,274,0.736245,143,0.606086,54,0.821683,169,0.458103,123,0.370067,63,0.808312,374,0.579701,196,0.908339,35,0.235798,45
badge-kmeans++,2,5,1800,10.85027,0.593814,0.303028,338,0.757951,168,0.618142,73,0.830039,204,0.449855,154,0.392774,80,0.813127,478,0.588815,243,0.897949,42,0.286460,54
badge-kmeans++,2,6,2100,11.364802,0.600863,0.303083,394,0.757121,189,0.636885,91,0.837851,240,0.446378,175,0.402090,92,0.822327,569,0.586976,280,0.893632,45,0.322282,66
badge-kmeans++,2,7,2400,10.940221,0.609884,0.317697,455,0.768877,215,0.640762,108,0.841814,270,0.455801,202,0.421007,107,0.827819,653,0.612756,314,0.908563,49,0.303741,75
badge-kmeans++,2,8,2700,11.574155,0.614722,0.326300,526,0.775192,235,0.642394,124,0.849146,307,0.463216,231,0.400719,121,0.834226,758,0.597092,355,0.916010,53,0.342922,84
badge-kmeans++,2,9,3000,11.588335,0.617486,0.329606,588,0.776039,257,0.644663,144,0.842668,341,0.486146,250,0.379125,133,0.833322,851,0.601965,386,0.914618,55,0.366711,93
badge-kmeans++,3,0,300,0.000287,0.253393,0.115312,13,0.557490,14,0.055234,4,0.703664,12,0.044533,5,0.063699,4,0.715737,18,0.256827,5,0.003766,1,0.017672,2
badge-kmeans++,3,1,600,10.760616,0.465673,0.190808,67,0.713966,53,0.452427,17,0.789012,65,0.267523,32,0.259222,15,0.746941,93,0.506922,41,0.700566,6,0.029345,7
badge-kmeans++,3,2,900,10.756246,0.541520,0.241223,145,0.739786,85,0.595267,60,0.813549,104,0.428123,75,0.317642,34,0.775127,168,0.514553,105,0.834053,19,0.155872,23
badge-kmeans++,3,3,1200,10.822053,0.558188,0.273974,205,0.760453,117,0.617336,75,0.818104,141,0.452138,106,0.356190,51,0.799139,236,0.548021,151,0.815805,26,0.140717,32
badge-kmeans++,3,4,1500,11.405467,0.582207,0.281971,290,0.764976,145,0.627438,98,0.834169,184,0.440941,153,0.342495,73,0.805620,324,0.562300,211,0.834175,33,0.327985,43
badge-kmeans++,3,5,1800,11.307799,0.589767,0.283950,366,0.776672,166,0.640974,121,0.839006,221,0.442325,192,0.369557,93,0.815701,416,0.572216,261,0.831139,36,0.326130,57
badge-kmeans++,3,6,2100,11.57068,0.598285,0.319465,435,0.784668,190,0.652460,139,0.842413,263,0.464085,212,0.372688,103,0.819266,493,0.588380,303,0.823598,41,0.315827,76
badge-kmeans++,3,7,2400,11.021681,0.613100,0.333041,496,0.788358,211,0.652615,146,0.841917,303,0.494617,234,0.395135,117,0.825628,604,0.595219,336,0.837364,44,0.367102,82
badge-kmeans++,3,8,2700,11.578935,0.610846,0.325830,566,0.780463,238,0.651876,161,0.840972,348,0.494888,260,0.385045,127,0.827670,697,0.598028,365,0.868603,48,0.335089,85
badge-kmeans++,3,9,3000,10.314154,0.625802,0.342955,625,0.792809,267,0.654377,174,0.852594,384,0.507262,276,0.413341,139,0.832042,789,0.606732,391,0.869316,54,0.386597,95
badge-kmeans++,4,0,300,0.002126,0.215611,0.058241,10,0.135981,5,0.139134,3,0.711851,17,0.050692,4,0.037190,4,0.691731,29,0.275395,5,0.043732,2,0.012162,3
badge-kmeans++,4,1,600,11.141834,0.449378,0.190313,83,0.641664,24,0.486110,21,0.761920,78,0.296478,31,0.069332,16,0.744370,114,0.505770,56,0.723380,9,0.074444,14
badge-kmeans++,4,2,900,39.601373,0.525715,0.254813,164,0.726828,78,0.542886,41,0.795642,115,0.413800,70,0.261489,31,0.797527,203,0.539231,123,0.822235,19,0.102703,33
badge-kmeans++,4,3,1200,10.282093,0.570004,0.289762,230,0.747783,106,0.574312,62,0.816102,144,0.426898,102,0.350649,46,0.803780,287,0.570866,170,0.873000,28,0.246890,40
badge-kmeans++,4,4,1500,10.58486,0.590741,0.302134,297,0.750951,138,0.616989,69,0.826111,181,0.456313,137,0.358450,60,0.810988,387,0.580510,219,0.891151,38,0.313808,53
badge-kmeans++,4,5,1800,10.716886,0.591950,0.317592,374,0.748995,168,0.579613,85,0.831584,216,0.461187,170,0.398190,81,0.814046,476,0.583521,262,0.889034,42,0.295742,62
badge-kmeans++,4,6,2100,10.543905,0.604418,0.315919,432,0.751509,190,0.605823,101,0.839916,249,0.448830,200,0.411482,98,0.820483,567,0.604822,308,0.909213,48,0.336185,72
badge-kmeans++,4,7,2400,31.013421,0.615235,0.328314,491,0.766851,214,0.631428,123,0.846868,282,0.482293,227,0.405665,112,0.826216,655,0.603961,346,0.912056,53,0.348697,81
badge-kmeans++,4,8,2700,10.486817,0.624907,0.349345,552,0.779075,247,0.635812,135,0.849091,319,0.487243,254,0.434223,125,0.830245,731,0.618522,378,0.912054,57,0.353455,88
badge-kmeans++,4,9,3000,38.133413,0.628184,0.348322,617,0.784245,274,0.641674,146,0.856227,361,0.491776,281,0.423201,133,0.834650,829,0.615547,420,0.913411,63,0.372792,95
badge-kmeans++,5,0,300,0.000342,0.193953,0.010833,12,0.423341,7,0.006300,5,0.485421,12,0.002404,3,0.008244,2,0.677995,22,0.163053,6,0.158164,2,0.003780,4
badge-kmeans++,5,1,600,11.147918,0.310327,0.135905,26,0.570918,19,0.134589,6,0.741659,27,0.141297,6,0.071076,5,0.756052,55,0.256934,11,0.275240,4,0.019604,5
badge-kmeans++,5,2,900,39.163614,0.513891,0.260129,97,0.717594,60,0.552956,27,0.806956,79,0.348423,48,0.230064,19,0.790792,151,0.507761,59,0.797978,15,0.126262,16
badge-kmeans++,5,3,1200,10.366079,0.548870,0.260233,178,0.742551,95,0.576632,41,0.817726,115,0.433921,83,0.364172,37,0.801011,236,0.530586,116,0.828529,23,0.133343,25
badge-kmeans++,5,4,1500,37.732195,0.582582,0.296799,237,0.758603,120,0.587227,58,0.836029,145,0.464792,114,0.362737,55,0.815880,315,0.568041,168,0.884396,29,0.251311,31
badge-kmeans++,5,5,1800,11.36021,0.596738,0.331713,315,0.767994,145,0.616020,78,0.844339,188,0.482707,153,0.392231,72,0.818162,408,0.579095,219,0.874943,31,0.260172,42
badge-kmeans++,5,6,2100,35.807073,0.598551,0.327213,372,0.767120,171,0.603242,97,0.847981,219,0.493006,182,0.368297,86,0.815778,499,0.586622,264,0.862387,38,0.313863,57
badge-kmeans++,5,7,2400,33.088487,0.613440,0.357083,437,0.775196,194,0.618294,113,0.855192,256,0.492976,218,0.398389,104,0.816921,601,0.607021,313,0.867856,43,0.345471,63
badge-kmeans++,5,8,2700,31.979044,0.622080,0.374650,507,0.786069,218,0.632397,129,0.855211,291,0.514043,245,0.386108,123,0.823433,714,0.613071,352,0.860558,47,0.375255,74
badge-kmeans++,5,9,3000,11.330359,0.618056,0.367403,579,0.785613,246,0.632594,146,0.856144,325,0.496155,271,0.413681,134,0.826225,816,0.616633,390,0.871380,51,0.314728,81
badge-kmeans++,6,0,300,0.000447,0.191192,0.060754,9,0.426784,6,0.042703,4,0.476489,16,0.041821,7,0.035613,3,0.692601,24,0.109805,5,0.019558,0,0.005794,0
badge-kmeans++,6,1,600,10.764043,0.350140,0.111617,19,0.642092,13,0.083252,4,0.738335,36,0.103582,10,0.040571,5,0.715617,58,0.367301,13,0.686295,5,0.012737,1
badge-kmeans++,6,2,900,12.49247,0.507452,0.243347,94,0.712263,49,0.529552,27,0.820432,98,0.391234,46,0.179495,17,0.779233,137,0.514713,67,0.844299,21,0.059957,10
badge-kmeans++,6,3,1200,11.105156,0.538731,0.248561,161,0.727400,91,0.564993,43,0.819114,141,0.414399,80,0.288876,34,0.803135,220,0.529402,108,0.890123,27,0.101308,19
badge-kmeans++,6,4,1500,21.476836,0.566476,0.252025,233,0.745377,118,0.591736,60,0.827670,175,0.418882,116,0.346917,50,0.816458,310,0.544998,158,0.897251,32,0.223444,31
badge-kmeans++,6,5,1800,12.166012,0.576932,0.271038,319,0.749706,150,0.595177,77,0.833761,210,0.428310,149,0.368341,65,0.815709,401,0.572311,215,0.897680,37,0.237285,47
badge-kmeans++,6,6,2100,11.313406,0.597856,0.301840,392,0.763216,181,0.621862,93,0.845484,249,0.469798,173,0.370920,74,0.817703,475,0.592943,261,0.907136,43,0.287662,59
badge-kmeans++,6,7,2400,15.518855,0.606770,0.327620,469,0.791633,209,0.610747,109,0.842471,298,0.486185,201,0.378479,93,0.822990,566,0.605350,315,0.903134,46,0.299093,64
badge-kmeans++,6,8,2700,11.215377,0.619593,0.335717,536,0.792695,235,0.629254,124,0.853724,333,0.497791,226,0.434104,104,0.833221,679,0.599896,360,0.889049,50,0.330478,74
badge-kmeans++,6,9,3000,9.969611,0.620950,0.329305,622,0.778535,256,0.642925,143,0.857248,370,0.501077,259,0.414214,123,0.839960,788,0.605643,404,0.904725,56,0.335866,87
badge-kmeans++,7,0,300,0.000302,0.218212,0.084342,9,0.471166,6,0.043033,4,0.581438,17,0.039031,2,0.055212,3,0.682379,24,0.181943,6,0.031152,1,0.012422,1
badge-kmeans++,7,1,600,11.182716,0.382585,0.195351,44,0.670657,33,0.192869,12,0.795273,59,0.180547,23,0.182278,12,0.751081,88,0.364210,29,0.467206,4,0.026382,8
badge-kmeans++,7,2,900,17.761506,0.498401,0.227916,126,0.724876,79,0.556354,39,0.825333,98,0.277959,56,0.248882,29,0.788567,168,0.529709,85,0.750292,19,0.054120,22
badge-kmeans++,7,3,1200,10.399169,0.540109,0.241154,208,0.741302,111,0.602730,61,0.822151,144,0.442127,99,0.285380,49,0.802606,256,0.568854,140,0.811070,26,0.083714,30
badge-kmeans++,7,4,1500,10.98087,0.570876,0.259795,273,0.755044,127,0.602742,75,0.833094,182,0.462505,136,0.307399,62,0.808281,349,0.564865,197,0.849993,32,0.265044,42
badge-kmeans++,7,5,1800,11.168823,0.582960,0.278044,333,0.758753,145,0.628646,87,0.839956,215,0.467453,155,0.334857,77,0.818239,460,0.556098,234,0.849759,37,0.297802,54
badge-kmeans++,7,6,2100,11.020143,0.591886,0.293234,405,0.768730,167,0.644774,106,0.840221,247,0.436209,182,0.361848,85,0.826032,563,0.579328,271,0.872812,41,0.295675,58
badge-kmeans++,7,7,2400,12.700104,0.599475,0.296744,489,0.779255,202,0.647467,123,0.847835,288,0.453651,218,0.372500,99,0.826438,671,0.580542,317,0.890290,44,0.300032,65
badge-kmeans++,7,8,2700,13.274267,0.609741,0.317592,543,0.782035,220,0.661275,135,0.842622,323,0.478393,243,0.371268,108,0.831074,751,0.579116,354,0.897470,50,0.336562,76
badge-kmeans++,7,9,3000,17.585173,0.623046,0.319243,610,0.798814,243,0.656418,149,0.851916,354,0.496992,275,0.383113,118,0.837394,857,0.611323,395,0.914171,54,0.361071,84
badge-kmeans++,8,0,300,0.000274,0.226915,0.126769,7,0.439134,7,0.051659,1,0.620385,20,0.080323,3,0.029508,2,0.714398,21,0.167561,6,0.014309,2,0.025105,1
badge-kmeans++,8,1,600,10.347368,0.427127,0.225382,54,0.706291,52,0.516965,17,0.797761,57,0.247572,24,0.142334,9,0.768175,115,0.445170,37,0.329719,4,0.091907,12
badge-kmeans++,8,2,900,11.328537,0.517022,0.260956,131,0.749577,81,0.579847,49,0.808917,105,0.399228,67,0.284039,25,0.782089,197,0.526218,86,0.692427,13,0.086920,26
badge-kmeans++,8,3,1200,11.184247,0.562925,0.278331,200,0.744851,106,0.601135,66,0.821010,135,0.426885,109,0.338193,41,0.802404,292,0.559742,142,0.829505,26,0.227190,36
badge-kmeans++,8,4,1500,14.104937,0.566868,0.317996,279,0.773365,133,0.618414,81,0.837239,172,0.472481,136,0.319488,59,0.815366,376,0.575925,190,0.835374,34,0.103028,43
badge-kmeans++,8,5,1800,11.477667,0.583363,0.325645,344,0.774052,164,0.604785,94,0.844254,212,0.481956,172,0.324995,78,0.816601,481,0.580769,239,0.859513,43,0.221064,52
badge-kmeans++,8,6,2100,9.841259,0.602853,0.337877,425,0.772652,195,0.624838,109,0.851758,247,0.489930,203,0.360847,95,0.827661,587,0.593208,290,0.847396,48,0.322357,67
badge-kmeans++,8,7,2400,11.117868,0.611097,0.359150,482,0.788189,222,0.644239,132,0.852752,277,0.489952,221,0.364315,108,0.830667,673,0.595276,322,0.866795,52,0.319632,80
badge-kmeans++,8,8,2700,14.059686,0.616229,0.339280,545,0.794078,252,0.640055,147,0.854449,310,0.484945,232,0.362218,121,0.837482,778,0.600754,356,0.881444,56,0.367586,86
badge-kmeans++,8,9,3000,11.166761,0.621465,0.336712,611,0.796197,271,0.649897,162,0.850169,348,0.500904,263,0.377406,133,0.839906,891,0.603415,394,0.893559,60,0.366484,96
badge-kmeans++,9,0,300,0.000295,0.173098,0.052978,10,0.381038,5,0.052235,3,0.507215,12,0.027671,4,0.006034,3,0.650701,20,0.043763,4,0.008350,2,0.000994,0
badge-kmeans++,9,1,600,9.916762,0.387380,0.126395,28,0.620205,19,0.324095,10,0.778523,41,0.129394,10,0.045296,9,0.771592,79,0.324943,14,0.742862,7,0.010498,3
badge-kmeans++,9,2,900,26.102427,0.499289,0.240396,111,0.680395,51,0.579150,46,0.802778,72,0.309298,64,0.203657,27,0.768798,167,0.494967,69,0.865708,25,0.047742,16
badge-kmeans++,9,3,1200,12.26013,0.550449,0.276434,193,0.706942,79,0.567211,61,0.823048,120,0.437053,108,0.324216,49,0.791171,262,0.550278,140,0.865520,29,0.162613,36
badge-kmeans++,9,4,1500,10.129134,0.574885,0.293722,270,0.740309,119,0.591219,77,0.829306,163,0.459150,138,0.356338,71,0.807262,335,0.552895,200,0.871868,34,0.246779,50
badge-kmeans++,9,5,1800,10.468058,0.594546,0.295284,346,0.764895,153,0.594468,100,0.841412,204,0.465532,168,0.384059,80,0.822429,427,0.583515,248,0.875255,39,0.318609,60
badge-kmeans++,9,6,2100,11.429381,0.598049,0.316271,418,0.764996,188,0.596902,108,0.846647,242,0.491073,196,0.383171,93,0.819201,520,0.592200,296,0.906621,46,0.263411,71
badge-kmeans++,9,7,2400,9.894798,0.612329,0.327838,483,0.775262,220,0.622161,118,0.852859,284,0.480172,223,0.433222,111,0.825892,616,0.604801,337,0.896816,53,0.304272,87
badge-kmeans++,9,8,2700,11.661297,0.612484,0.318824,559,0.779318,255,0.619342,136,0.854840,327,0.493292,249,0.421583,128,0.824406,705,0.600616,388,0.898629,58,0.313988,97
badge-kmeans++,9,9,3000,10.913099,0.619894,0.334580,619,0.790060,281,0.609904,158,0.853870,366,0.486954,278,0.415635,143,0.827938,801,0.615319,421,0.898172,61,0.366511,106
badge-mcmc-dpp,0,0,300,0.000296,0.168311,0.018416,9,0.409145,5,0.008091,1,0.390534,13,0.007568,5,0.003864,1,0.682301,33,0.072152,4,0.090531,1,0.000509,0
badge-mcmc-dpp,0,1,600,83.07498,0.388013,0.169526,30,0.641812,37,0.529964,11,0.755204,48,0.122958,13,0.052096,3,0.745586,78,0.437948,17,0.403563,6,0.021474,2
badge-mcmc-dpp,0,2,900,89.538059,0.399334,0.180056,70,0.659825,49,0.495713,18,0.759016,64,0.155640,28,0.052067,4,0.806892,214,0.410024,40,0.438517,6,0.035590,10
badge-mcmc-dpp,0,3,1200,84.414334,0.458446,0.223790,116,0.688138,57,0.577458,35,0.803565,86,0.256677,49,0.082449,12,0.813593,310,0.512641,64,0.588616,12,0.037535,14
badge-mcmc-dpp,0,4,1500,83.464396,0.497895,0.234192,158,0.704431,77,0.577571,50,0.821750,116,0.296377,76,0.085553,20,0.827873,414,0.534131,95,0.782262,16,0.114811,21
badge-mcmc-dpp,0,5,1800,98.678678,0.540384,0.270248,209,0.742648,103,0.592708,63,0.827834,151,0.388828,93,0.185730,31,0.839028,521,0.548212,126,0.836019,24,0.172589,29
badge-mcmc-dpp,0,6,2100,83.940468,0.560612,0.270694,266,0.744892,126,0.613700,87,0.829854,208,0.398140,115,0.299371,45,0.841950,611,0.532318,154,0.885948,31,0.189252,34
badge-mcmc-dpp,0,7,2400,85.574378,0.592169,0.315309,335,0.769774,157,0.630709,107,0.841703,264,0.439650,145,0.337154,64,0.842570,671,0.574233,198,0.905169,41,0.265423,44
badge-mcmc-dpp,0,8,2700,84.657937,0.596748,0.300608,380,0.776195,189,0.637208,118,0.853068,291,0.442328,163,0.338844,70,0.848001,789,0.576114,227,0.897523,48,0.297586,52
badge-mcmc-dpp,0,9,3000,82.530475,0.586626,0.322719,437,0.782469,211,0.640602,142,0.856040,330,0.451682,183,0.364417,80,0.845843,859,0.570592,259,0.908842,54,0.123051,57
badge-mcmc-dpp,1,0,300,0.000295,0.153644,0.107757,20,0.331780,8,0.011733,1,0.275983,13,0.008670,8,0.004317,5,0.609751,27,0.155668,8,0.029060,1,0.001724,2
badge-mcmc-dpp,1,1,600,83.838053,0.335637,0.144486,52,0.606003,28,0.060365,7,0.755955,45,0.191665,20,0.058078,8,0.768369,118,0.446977,30,0.301080,2,0.023390,5
badge-mcmc-dpp,1,2,900,83.225665,0.441310,0.198852,109,0.713849,55,0.279009,16,0.807830,95,0.321042,48,0.169002,20,0.774662,205,0.489712,64,0.625533,9,0.033605,10
badge-mcmc-dpp,1,3,1200,83.174715,0.514651,0.262278,178,0.738172,81,0.518682,35,0.828385,140,0.415915,80,0.225407,32,0.802502,285,0.527396,114,0.772974,17,0.054798,20
badge-mcmc-dpp,1,4,1500,87.970147,0.562747,0.261601,241,0.766083,106,0.602305,61,0.826304,173,0.432686,119,0.339250,46,0.812043,384,0.551594,163,0.840667,29,0.194940,35
badge-mcmc-dpp,1,5,1800,84.568179,0.584859,0.281415,308,0.771004,137,0.611499,80,0.834502,228,0.460638,150,0.343751,61,0.817661,438,0.574439,207,0.852120,34,0.301557,45
badge-mcmc-dpp,1,6,2100,84.372428,0.593792,0.312782,378,0.780720,159,0.636930,100,0.850568,284,0.476487,175,0.395470,81,0.823884,500,0.578042,245,0.886898,42,0.196137,56
badge-mcmc-dpp,1,7,2400,81.624845,0.607668,0.321308,456,0.783076,184,0.644697,127,0.857405,313,0.490890,205,0.431018,92,0.825729,580,0.582452,293,0.896492,48,0.243613,71
badge-mcmc-dpp,1,8,2700,84.496593,0.613124,0.316043,512,0.783978,207,0.645379,145,0.859056,353,0.496080,234,0.419632,107,0.830137,642,0.598874,322,0.885431,54,0.296627,76
badge-mcmc-dpp,1,9,3000,87.668118,0.616722,0.322847,565,0.789153,243,0.648840,165,0.851607,396,0.496163,252,0.431940,117,0.827610,701,0.596887,350,0.894690,59,0.307486,90
badge-mcmc-dpp,2,0,300,0.000275,0.259533,0.089498,12,0.521810,12,0.051257,4,0.569162,11,0.086176,3,0.019872,1,0.718906,27,0.236116,6,0.290092,2,0.012437,2
badge-mcmc-dpp,2,1,600,82.765676,0.453541,0.214513,65,0.673803,63,0.522962,21,0.783998,69,0.265840,23,0.045460,9,0.729410,83,0.480597,34,0.761357,10,0.057474,10
badge-mcmc-dpp,2,2,900,84.83907,0.510702,0.280591,136,0.732549,105,0.537722,42,0.818978,118,0.398661,51,0.093786,22,0.759204,143,0.541903,83,0.816472,19,0.127156,16
badge-mcmc-dpp,2,3,1200,86.65865,0.544648,0.276497,195,0.746385,146,0.563986,63,0.821699,167,0.409062,75,0.357860,41,0.780490,201,0.552741,119,0.834313,29,0.103451,24
badge-mcmc-dpp,2,4,1500,84.995593,0.572707,0.297145,270,0.760820,176,0.590345,84,0.844487,216,0.443852,101,0.382419,53,0.810172,273,0.573189,160,0.855458,40,0.169180,32
badge-mcmc-dpp,2,5,1800,82.458519,0.585290,0.282640,337,0.766293,207,0.608652,107,0.843899,273,0.458280,129,0.421501,75,0.818765,348,0.580723,203,0.854730,42,0.217418,50
badge-mcmc-dpp,2,6,2100,81.965983,0.602930,0.313764,406,0.779675,236,0.635100,130,0.856035,316,0.469231,153,0.417617,87,0.812056,427,0.596719,241,0.880306,50,0.268799,60
badge-mcmc-dpp,2,7,2400,93.454321,0.609770,0.314584,449,0.786515,252,0.619337,142,0.856358,342,0.464302,170,0.419663,99,0.825081,509,0.619397,261,0.863773,51,0.328692,63
badge-mcmc-dpp,2,8,2700,82.913377,0.617673,0.335646,511,0.794955,286,0.649312,155,0.857572,383,0.488706,195,0.413126,109,0.835796,602,0.602042,305,0.875845,54,0.323733,75
badge-mcmc-dpp,2,9,3000,88.521665,0.624521,0.343381,584,0.803370,308,0.661447,177,0.861265,435,0.504327,233,0.424287,128,0.836396,665,0.610202,350,0.903496,64,0.297036,90
badge-mcmc-dpp,3,0,300,0.000303,0.164215,0.033766,6,0.259989,1,0.077819,4,0.490990,16,0.020711,2,0.008659,1,0.592285,21,0.052406,5,0.096668,5,0.008859,0
badge-mcmc-dpp,3,1,600,93.204915,0.419299,0.155983,43,0.683039,29,0.498598,19,0.781436,71,0.183661,11,0.145172,6,0.719131,75,0.379171,19,0.638280,10,0.008516,2
badge-mcmc-dpp,3,2,900,83.31665,0.483206,0.216243,88,0.711246,42,0.550486,26,0.798690,92,0.214077,34,0.256577,15,0.763680,159,0.491142,49,0.792743,14,0.037180,7
badge-mcmc-dpp,3,3,1200,82.474654,0.534118,0.256779,153,0.740035,75,0.566947,52,0.818131,135,0.373359,60,0.340819,32,0.791601,254,0.523147,88,0.806486,18,0.123879,18
badge-mcmc-dpp,3,4,1500,82.203784,0.559706,0.294391,229,0.739250,107,0.598909,76,0.825382,188,0.403590,94,0.323074,44,0.804787,327,0.557884,138,0.869417,26,0.180381,30
badge-mcmc-dpp,3,5,1800,82.016235,0.582859,0.308621,299,0.755731,144,0.613560,96,0.831707,242,0.447364,122,0.349283,53,0.816070,404,0.559113,185,0.871463,31,0.275673,40
badge-mcmc-dpp,3,6,2100,82.138811,0.600312,0.314403,361,0.772908,169,0.615317,110,0.840712,277,0.477010,148,0.341852,66,0.826916,470,0.587526,225,0.924104,40,0.302376,51
badge-mcmc-dpp,3,7,2400,82.916059,0.614971,0.337031,422,0.780688,192,0.639599,130,0.859849,320,0.469136,173,0.370529,83,0.832151,570,0.595864,260,0.918456,46,0.346403,60
badge-mcmc-dpp,3,8,2700,82.548224,0.613461,0.341274,480,0.780374,218,0.639229,147,0.860437,358,0.457479,197,0.382344,97,0.835248,653,0.589415,289,0.923792,59,0.325016,67
badge-mcmc-dpp,3,9,3000,94.052715,0.618513,0.331634,535,0.782190,245,0.645917,165,0.866022,405,0.486479,226,0.401845,110,0.837941,723,0.598183,323,0.915600,66,0.319315,77
badge-mcmc-dpp,4,0,300,0.000302,0.200301,0.042107,13,0.318936,10,0.171130,3,0.438115,10,0.041837,4,0.011739,4,0.695852,32,0.269037,12,0.004498,1,0.009758,4
badge-mcmc-dpp,4,1,600,83.640866,0.371333,0.193585,48,0.653786,29,0.475698,20,0.776960,52,0.132257,12,0.157447,12,0.753406,113,0.371482,31,0.172150,2,0.026555,6
badge-mcmc-dpp,4,2,900,81.15293,0.482810,0.213203,90,0.714897,59,0.546258,34,0.811672,85,0.263304,35,0.247033,17,0.792824,206,0.475297,61,0.600853,9,0.162763,16
badge-mcmc-dpp,4,3,1200,94.995207,0.535767,0.256842,169,0.739508,96,0.591156,56,0.822446,123,0.398296,60,0.301173,34,0.798915,272,0.517180,100,0.795758,17,0.136402,23
badge-mcmc-dpp,4,4,1500,82.577904,0.561813,0.289189,231,0.764186,124,0.603568,68,0.833545,168,0.436173,94,0.375821,50,0.800684,340,0.548162,145,0.846555,25,0.120245,35
badge-mcmc-dpp,4,5,1800,82.394428,0.578527,0.300022,295,0.738875,155,0.616403,87,0.832406,218,0.456790,131,0.366521,64,0.811365,425,0.564725,191,0.847091,30,0.251072,45
badge-mcmc-dpp,4,6,2100,83.187046,0.602509,0.317199,367,0.767133,189,0.638672,110,0.842453,257,0.483150,162,0.381351,78,0.822412,501,0.586747,242,0.883439,40,0.302535,55
badge-mcmc-dpp,4,7,2400,91.565352,0.618585,0.342624,439,0.759174,209,0.642179,129,0.844451,305,0.494630,189,0.385893,96,0.826998,566,0.599860,287,0.910234,49,0.379803,68
badge-mcmc-dpp,4,8,2700,83.052893,0.615455,0.330422,502,0.785750,231,0.643708,151,0.854381,345,0.503507,217,0.413012,109,0.830210,615,0.599921,315,0.908319,53,0.285323,79
badge-mcmc-dpp,4,9,3000,84.279798,0.623357,0.329095,549,0.793569,257,0.648945,168,0.861980,390,0.505374,248,0.424928,122,0.834100,684,0.607518,352,0.913518,63,0.314545,87
badge-mcmc-dpp,5,0,300,0.000282,0.209179,0.076583,9,0.519603,4,0.032427,3,0.628818,9,0.021068,3,0.020458,2,0.655599,24,0.061255,3,0.067430,3,0.008556,1
badge-mcmc-dpp,5,1,600,82.971593,0.421875,0.177218,56,0.698677,45,0.502636,15,0.783667,69,0.250340,21,0.044041,10,0.763222,108,0.433184,27,0.543016,6,0.022749,6
badge-mcmc-dpp,5,2,900,81.468891,0.491416,0.234523,114,0.727234,81,0.551895,35,0.814714,119,0.286234,44,0.168908,20,0.800096,189,0.505039,63,0.777749,14,0.047768,13
badge-mcmc-dpp,5,3,1200,86.867241,0.540562,0.267508,169,0.747167,111,0.610307,59,0.814729,163,0.415738,71,0.262454,38,0.811862,254,0.513570,99,0.825951,26,0.136337,24
badge-mcmc-dpp,5,4,1500,83.318091,0.566999,0.293157,255,0.745347,154,0.617466,79,0.833891,215,0.449777,109,0.330909,60,0.803671,323,0.547477,145,0.867264,35,0.181034,37
badge-mcmc-dpp,5,5,1800,85.575472,0.587381,0.301140,332,0.766637,181,0.642272,107,0.837879,263,0.468060,143,0.339346,72,0.817438,395,0.559346,195,0.915663,48,0.226026,50
badge-mcmc-dpp,5,6,2100,84.152468,0.610485,0.326836,411,0.777440,210,0.637574,135,0.846816,310,0.486433,166,0.387015,90,0.827570,468,0.580396,237,0.921726,58,0.313040,63
badge-mcmc-dpp,5,7,2400,84.923175,0.620024,0.329100,486,0.793628,246,0.650939,158,0.849432,362,0.492134,203,0.402052,107,0.829609,532,0.593780,284,0.934890,65,0.324678,71
badge-mcmc-dpp,5,8,2700,89.530583,0.620349,0.335904,546,0.788748,269,0.650148,179,0.854396,413,0.502666,230,0.398976,119,0.835672,591,0.601340,328,0.942048,69,0.293590,78
badge-mcmc-dpp,5,9,3000,84.611493,0.625018,0.347493,608,0.797677,296,0.656171,205,0.862211,461,0.505379,258,0.415723,135,0.832815,658,0.602831,375,0.940107,74,0.289772,86
badge-mcmc-dpp,6,0,300,0.000293,0.217942,0.075590,13,0.491892,11,0.019969,2,0.531357,11,0.040462,6,0.021920,1,0.711364,30,0.248606,5,0.019712,2,0.018545,3
badge-mcmc-dpp,6,1,600,82.132993,0.423106,0.189206,54,0.710869,52,0.396750,19,0.786392,61,0.104986,21,0.045765,7,0.767816,103,0.500286,32,0.693869,8,0.035120,6
badge-mcmc-dpp,6,2,900,83.38554,0.482018,0.225880,102,0.731943,79,0.521488,41,0.814825,108,0.284916,41,0.048500,14,0.787545,185,0.535835,64,0.817882,19,0.051367,14
badge-mcmc-dpp,6,3,1200,83.223773,0.515621,0.244021,126,0.731430,86,0.549197,49,0.825521,122,0.342508,51,0.125715,20,0.797550,234,0.515866,77,0.850442,24,0.173964,20
badge-mcmc-dpp,6,4,1500,83.746391,0.556050,0.299387,192,0.752844,118,0.585844,69,0.834710,160,0.397667,80,0.310598,36,0.816396,324,0.554887,114,0.856208,33,0.151958,27
badge-mcmc-dpp,6,5,1800,83.67833,0.568414,0.280370,258,0.777337,153,0.608500,87,0.843843,206,0.439117,113,0.316876,50,0.817660,394,0.567134,159,0.910742,39,0.122564,33
badge-mcmc-dpp,6,6,2100,84.270853,0.595883,0.309007,319,0.779199,181,0.627597,109,0.847138,243,0.469794,141,0.379755,61,0.820751,451,0.578499,201,0.914010,46,0.233081,38
badge-mcmc-dpp,6,7,2400,91.728281,0.603796,0.323616,376,0.791294,204,0.619917,128,0.851509,284,0.465183,166,0.417035,75,0.820993,533,0.575721,233,0.935281,59,0.237414,47
badge-mcmc-dpp,6,8,2700,83.763392,0.604622,0.319127,442,0.795244,241,0.626027,146,0.854438,336,0.488101,190,0.409152,87,0.829647,606,0.592931,276,0.939121,68,0.192433,57
badge-mcmc-dpp,6,9,3000,81.475277,0.613439,0.323045,507,0.799969,265,0.644224,164,0.859066,383,0.479590,217,0.390644,105,0.830592,662,0.601517,311,0.939795,77,0.265946,65
badge-mcmc-dpp,7,0,300,0.000301,0.256234,0.087822,10,0.575838,9,0.024915,3,0.670972,15,0.056005,2,0.027855,2,0.717086,30,0.196848,6,0.172863,1,0.032138,3
badge-mcmc-dpp,7,1,600,82.759002,0.432266,0.225339,56,0.725192,49,0.469472,23,0.801499,61,0.222797,17,0.145770,18,0.757830,107,0.484852,25,0.443650,5,0.046262,5
badge-mcmc-dpp,7,2,900,85.82828,0.513165,0.254076,117,0.745914,90,0.589573,43,0.822730,110,0.293527,49,0.259377,30,0.786962,178,0.506699,68,0.821028,18,0.051767,15
badge-mcmc-dpp,7,3,1200,85.749545,0.541427,0.300216,185,0.744281,108,0.595099,68,0.840971,157,0.401250,82,0.285529,43,0.807660,252,0.549289,103,0.827678,25,0.062292,19
badge-mcmc-dpp,7,4,1500,83.101982,0.567575,0.309419,242,0.763563,139,0.620275,90,0.842559,190,0.425770,109,0.328607,55,0.811291,322,0.555985,146,0.893729,33,0.124551,32
badge-mcmc-dpp,7,5,1800,86.325838,0.585249,0.326353,299,0.776251,166,0.622289,110,0.847902,228,0.469375,140,0.358253,69,0.823170,417,0.589647,171,0.885430,36,0.153821,35
badge-mcmc-dpp,7,6,2100,83.452369,0.604110,0.320651,362,0.773887,191,0.646641,131,0.847522,262,0.473000,169,0.409434,88,0.831780,493,0.587756,210,0.883414,43,0.267016,45
badge-mcmc-dpp,7,7,2400,83.698221,0.605779,0.313626,414,0.781885,215,0.644487,137,0.856882,304,0.484039,191,0.401578,100,0.832706,586,0.602951,243,0.883186,46,0.256454,53
badge-mcmc-dpp,7,8,2700,84.302592,0.607248,0.323634,473,0.783593,238,0.653968,156,0.854556,347,0.489621,215,0.416373,114,0.835082,647,0.595680,288,0.894637,51,0.225339,62
badge-mcmc-dpp,7,9,3000,82.452276,0.617825,0.354428,529,0.783061,256,0.647759,177,0.849951,393,0.486972,242,0.416588,125,0.833239,729,0.605331,317,0.916257,57,0.284658,67
badge-mcmc-dpp,8,0,300,0.000296,0.191820,0.046248,12,0.501720,5,0.100429,5,0.535439,10,0.029179,4,0.011389,1,0.672209,22,0.015804,3,0.001839,0,0.003945,1
badge-mcmc-dpp,8,1,600,83.434813,0.395450,0.184866,43,0.699631,54,0.303468,12,0.779216,54,0.168801,21,0.049834,4,0.746121,96,0.387357,23,0.605010,4,0.030192,3
badge-mcmc-dpp,8,2,900,84.265077,0.514560,0.236254,107,0.725939,91,0.553670,39,0.818643,102,0.334197,51,0.260698,18,0.788535,165,0.538712,68,0.828599,19,0.060349,14
badge-mcmc-dpp,8,3,1200,82.40208,0.553222,0.278317,171,0.754789,128,0.612830,64,0.834887,150,0.447764,76,0.230434,34,0.788700,232,0.543575,113,0.875064,31,0.165856,27
badge-mcmc-dpp,8,4,1500,84.848888,0.578476,0.318488,235,0.760834,154,0.622157,79,0.838733,194,0.461957,105,0.290621,47,0.799350,304,0.561872,149,0.898784,37,0.231964,37
badge-mcmc-dpp,8,5,1800,84.491857,0.595846,0.314695,315,0.774866,187,0.651438,106,0.842999,254,0.465243,138,0.334466,57,0.803755,373,0.578451,204,0.904698,46,0.287855,49
badge-mcmc-dpp,8,6,2100,81.973196,0.613885,0.322048,387,0.785357,214,0.645142,139,0.842066,295,0.506867,169,0.389117,68,0.808528,439,0.587378,256,0.903603,53,0.348749,64
badge-mcmc-dpp,8,7,2400,82.755888,0.617787,0.329822,455,0.795725,243,0.652509,162,0.843643,346,0.497164,196,0.373605,89,0.814288,499,0.597145,302,0.894044,61,0.379919,74
badge-mcmc-dpp,8,8,2700,88.759681,0.626874,0.342606,523,0.801488,274,0.659435,183,0.855701,386,0.508557,227,0.386863,111,0.818027,554,0.600105,336,0.905984,68,0.389979,89
badge-mcmc-dpp,8,9,3000,84.365384,0.632459,0.335310,588,0.808816,315,0.653921,195,0.855787,428,0.502547,249,0.400609,123,0.823771,615,0.614312,367,0.914275,77,0.415241,98
badge-mcmc-dpp,9,0,300,0.000279,0.187530,0.050355,11,0.480525,9,0.038488,3,0.441607,14,0.046272,7,0.003678,1,0.629373,17,0.169705,7,0.005944,0,0.009359,3
badge-mcmc-dpp,9,1,600,87.375763,0.403146,0.166523,38,0.691676,50,0.409005,13,0.781060,72,0.217286,15,0.044560,4,0.765460,57,0.439542,24,0.484598,4,0.031747,9
badge-mcmc-dpp,9,2,900,92.417433,0.455799,0.215070,85,0.729385,66,0.516948,24,0.805428,89,0.298436,28,0.073923,11,0.794290,221,0.456821,50,0.633396,8,0.034294,15
badge-mcmc-dpp,9,3,1200,101.699607,0.534522,0.264892,143,0.764012,95,0.577403,50,0.809093,132,0.416716,58,0.242211,30,0.794441,287,0.517669,83,0.765079,18,0.193709,19
badge-mcmc-dpp,9,4,1500,87.078666,0.535526,0.274213,182,0.759072,110,0.593886,59,0.825782,148,0.413822,86,0.235719,40,0.811242,407,0.542056,114,0.801839,19,0.097626,22
badge-mcmc-dpp,9,5,1800,89.744072,0.562667,0.302644,247,0.775543,149,0.592079,77,0.830222,194,0.407716,114,0.311624,58,0.811484,465,0.569977,159,0.837926,30,0.187457,34
badge-mcmc-dpp,9,6,2100,87.842118,0.587566,0.303817,298,0.787778,180,0.604920,87,0.832229,236,0.489899,140,0.343834,75,0.823040,514,0.567597,200,0.873283,37,0.249264,47
badge-mcmc-dpp,9,7,2400,89.768271,0.592668,0.310588,365,0.779674,200,0.631993,112,0.836093,278,0.461232,170,0.356967,87,0.829299,589,0.574628,242,0.873017,42,0.273188,61
badge-mcmc-dpp,9,8,2700,88.221933,0.609286,0.334678,420,0.802352,225,0.624891,129,0.845235,316,0.505967,189,0.404389,101,0.835950,669,0.590558,277,0.889104,45,0.259735,69
badge-mcmc-dpp,9,9,3000,92.876304,0.615203,0.313487,473,0.802484,259,0.651173,147,0.845229,351,0.503599,211,0.376076,111,0.836625,721,0.601161,312,0.891106,56,0.331092,78
disagreement,0,0,300,0.000298,0.250229,0.098526,13,0.477266,9,0.046965,3,0.655046,13,0.194263,5,0.072998,3,0.691139,21,0.180128,4,0.073226,2,0.012736,1
disagreement,0,1,600,34.266922,0.438935,0.221425,199,0.675189,65,0.565009,56,0.778164,91,0.412608,152,0.274958,41,0.721503,107,0.522253,169,0.095488,3,0.122751,34
disagreement,0,2,900,40.375844,0.535784,0.288930,320,0.724899,134,0.591165,90,0.804223,182,0.433970,200,0.326680,80,0.760460,186,0.556583,245,0.572072,8,0.298863,77
disagreement,0,3,1200,34.982217,0.576972,0.325159,446,0.741975,186,0.612430,109,0.821093,230,0.460834,247,0.355594,104,0.786415,324,0.597748,336,0.706206,13,0.362267,98
disagreement,0,4,1500,36.908769,0.581616,0.344584,550,0.765263,223,0.632495,137,0.823162,274,0.491281,279,0.334251,131,0.802897,421,0.601726,411,0.613032,16,0.407470,115
disagreement,0,5,1800,36.93556,0.596746,0.355226,671,0.769728,271,0.637272,166,0.832007,350,0.495950,329,0.353451,154,0.812360,516,0.611376,484,0.667634,17,0.432455,139
disagreement,0,6,2100,56.776217,0.604058,0.364280,768,0.789858,324,0.641719,194,0.831743,416,0.493991,367,0.368286,185,0.810597,589,0.613065,542,0.721021,20,0.406018,155
disagreement,0,7,2400,46.189805,0.606764,0.348643,869,0.779883,360,0.655186,222,0.840012,462,0.498421,413,0.380057,202,0.818098,707,0.616866,605,0.735272,20,0.395205,161
disagreement,0,8,2700,41.274957,0.618144,0.373955,940,0.788209,407,0.677833,244,0.846721,503,0.501744,447,0.396951,213,0.822923,787,0.627953,636,0.732804,21,0.412344,170
disagreement,0,9,3000,52.96778,0.617961,0.374246,1016,0.790299,428,0.670367,260,0.854850,548,0.515625,469,0.404034,229,0.829130,867,0.619035,670,0.717699,22,0.404323,178
disagreement,1,0,300,0.000316,0.222509,0.095845,14,0.569692,15,0.015857,2,0.547170,14,0.078103,3,0.018732,2,0.696520,17,0.184649,7,0.005921,0,0.012599,1
disagreement,1,1,600,37.797401,0.444792,0.276506,208,0.729671,93,0.505049,32,0.773672,78,0.361960,89,0.246838,28,0.746650,129,0.529134,140,0.129265,3,0.149177,34
disagreement,1,2,900,34.05943,0.536139,0.302031,353,0.735828,146,0.591318,91,0.802350,172,0.434687,152,0.353876,78,0.778947,209,0.564787,241,0.526061,8,0.271507,78
disagreement,1,3,1200,34.29769,0.562459,0.319144,473,0.738808,186,0.609822,131,0.813895,228,0.456724,213,0.380856,102,0.790429,325,0.568854,334,0.616216,13,0.329847,101
disagreement,1,4,1500,37.731825,0.587870,0.344657,583,0.752516,233,0.623448,157,0.839863,298,0.476932,248,0.372995,133,0.798378,421,0.594417,419,0.686867,16,0.388626,117
disagreement,1,5,1800,59.507222,0.601346,0.349046,699,0.762562,272,0.636378,189,0.839435,355,0.508316,295,0.381278,156,0.802366,526,0.597839,493,0.735849,19,0.400394,134
disagreement,1,6,2100,45.307703,0.610554,0.353382,824,0.769952,312,0.654985,230,0.852231,415,0.507266,355,0.390687,178,0.808465,633,0.611855,553,0.723881,19,0.432834,153
disagreement,1,7,2400,47.250287,0.605887,0.347336,911,0.778630,348,0.661097,248,0.852026,457,0.502789,397,0.410486,197,0.817244,731,0.624477,605,0.659161,19,0.405630,165
disagreement,1,8,2700,43.474555,0.617140,0.358835,979,0.780643,387,0.671407,266,0.858316,494,0.514956,426,0.415673,208,0.825517,800,0.618057,642,0.718345,19,0.409654,172
disagreement,1,9,3000,49.467258,0.631358,0.364958,1037,0.788616,431,0.674111,284,0.862229,547,0.508909,446,0.420879,223,0.828086,872,0.626145,670,0.829089,25,0.410559,176
disagreement,2,0,300,0.000278,0.239578,0.105800,13,0.591727,11,0.005336,1,0.597802,13,0.106160,3,0.017815,2,0.711716,26,0.231373,3,0.001963,0,0.026091,1
disagreement,2,1,600,34.526561,0.423208,0.257001,199,0.679243,66,0.491966,29,0.766310,70,0.428388,117,0.194311,38,0.769909,117,0.517297,160,0.001584,0,0.126073,39
disagreement,2,2,900,33.535686,0.484558,0.282349,345,0.718450,134,0.591067,69,0.771532,157,0.447653,195,0.375415,100,0.785739,210,0.565851,271,0.001478,0,0.306041,73
disagreement,2,3,1200,34.76864,0.515465,0.325984,458,0.744161,182,0.595479,98,0.794352,205,0.462215,239,0.386606,119,0.788210,325,0.582057,360,0.109245,1,0.366338,106
disagreement,2,4,1500,37.809001,0.545204,0.345830,606,0.735164,209,0.613150,130,0.809937,271,0.461122,309,0.415527,153,0.803013,458,0.598870,485,0.274064,3,0.395367,138
disagreement,2,5,1800,36.927845,0.590194,0.343457,686,0.761821,279,0.631557,162,0.836549,341,0.483803,338,0.429484,174,0.814103,534,0.604924,528,0.601306,8,0.394938,145
disagreement,2,6,2100,52.693425,0.592490,0.340674,780,0.736420,331,0.632346,192,0.833321,403,0.490593,383,0.411335,191,0.811701,616,0.611026,586,0.675302,15,0.382178,157
disagreement,2,7,2400,55.162694,0.605192,0.359224,875,0.770097,372,0.647249,209,0.839137,460,0.498518,426,0.436251,210,0.818138,709,0.617556,633,0.666810,16,0.398941,165
disagreement,2,8,2700,46.307459,0.605951,0.343713,944,0.753020,396,0.650410,237,0.845007,517,0.510778,447,0.421650,229,0.820141,778,0.609129,663,0.736948,18,0.368714,174
disagreement,2,9,3000,42.295468,0.625700,0.359366,1001,0.787491,411,0.657447,250,0.848075,552,0.513176,464,0.432036,242,0.832194,874,0.616555,696,0.789621,19,0.421043,180
disagreement,3,0,300,0.000302,0.286928,0.109481,11,0.380997,5,0.331489,4,0.553468,8,0.073105,2,0.024740,1,0.665618,22,0.127869,4,0.591285,3,0.011228,0
disagreement,3,1,600,45.920516,0.455035,0.239017,188,0.671382,54,0.536724,53,0.766668,80,0.375355,96,0.081008,27,0.730253,144,0.504982,162,0.522333,6,0.122629,33
disagreement,3,2,900,36.583899,0.528552,0.268390,335,0.709717,123,0.571281,87,0.790248,160,0.445588,166,0.303237,66,0.768770,237,0.547327,265,0.569688,8,0.311271,78
disagreement,3,3,1200,35.452436,0.554252,0.313901,456,0.726135,180,0.603781,124,0.798799,223,0.436522,228,0.343102,102,0.794244,333,0.589271,362,0.594592,8,0.342174,100
disagreement,3,4,1500,39.337352,0.589436,0.312203,558,0.754472,230,0.632243,151,0.824645,297,0.457670,262,0.364891,135,0.802705,420,0.590900,420,0.777771,13,0.376861,123
disagreement,3,5,1800,37.450495,0.599190,0.343480,666,0.764834,277,0.641596,179,0.838713,347,0.490484,308,0.384056,151,0.811941,512,0.606254,486,0.754723,14,0.355821,140
disagreement,3,6,2100,38.396141,0.611689,0.347204,776,0.771799,313,0.648676,207,0.833617,408,0.494042,357,0.412321,173,0.808454,605,0.606099,551,0.801636,15,0.393042,151
disagreement,3,7,2400,41.915033,0.613993,0.356295,904,0.775315,363,0.661072,248,0.841644,460,0.511227,403,0.393811,190,0.818303,703,0.608523,610,0.812596,20,0.361142,168
disagreement,3,8,2700,43.4481,0.615558,0.345557,979,0.774087,388,0.665627,268,0.845925,496,0.508434,426,0.367331,203,0.821222,788,0.623355,640,0.833303,21,0.370734,174
disagreement,3,9,3000,41.761631,0.624920,0.367825,1037,0.770796,413,0.677843,277,0.850269,545,0.522613,444,0.410996,219,0.828131,880,0.622413,668,0.800810,21,0.397507,179
disagreement,4,0,300,0.00029,0.269653,0.070361,9,0.562791,9,0.164399,3,0.602741,11,0.072052,3,0.116340,4,0.701421,27,0.298128,5,0.089523,1,0.018775,2
disagreement,4,1,600,34.126067,0.437550,0.218489,167,0.649906,55,0.558386,67,0.743956,91,0.401820,103,0.092008,39,0.757157,122,0.504462,181,0.360862,4,0.088456,41
disagreement,4,2,900,35.016901,0.527931,0.265733,311,0.736657,128,0.572448,86,0.808287,171,0.430654,161,0.331328,67,0.765302,213,0.581855,262,0.499581,16,0.287468,72
disagreement,4,3,1200,42.983709,0.566571,0.312379,447,0.729282,180,0.615093,118,0.813277,237,0.444100,218,0.324658,106,0.790053,303,0.584997,361,0.657691,20,0.394174,96
disagreement,4,4,1500,36.335463,0.579991,0.314987,575,0.750380,215,0.635952,166,0.819662,294,0.467033,263,0.364166,141,0.801901,396,0.610237,445,0.643095,21,0.392494,118
disagreement,4,5,1800,36.860815,0.576080,0.311601,666,0.754296,266,0.636786,190,0.820380,343,0.475100,298,0.345011,162,0.799292,488,0.609177,506,0.638478,23,0.370682,135
disagreement,4,6,2100,38.19842,0.599528,0.352556,800,0.774201,302,0.663507,223,0.831554,412,0.482175,349,0.393409,191,0.816262,597,0.615885,565,0.667617,23,0.398116,146
disagreement,4,7,2400,39.461224,0.600880,0.340108,904,0.764542,348,0.663024,249,0.842107,475,0.499125,394,0.382808,209,0.823118,680,0.617138,610,0.667489,23,0.409340,161
disagreement,4,8,2700,39.892538,0.607903,0.369021,966,0.772013,374,0.672993,266,0.851685,514,0.508091,422,0.414294,220,0.826093,769,0.626560,646,0.650723,24,0.387552,168
disagreement,4,9,3000,41.8744,0.618631,0.365603,1025,0.781917,396,0.673095,275,0.852766,560,0.503446,435,0.402615,232,0.834636,867,0.627096,675,0.720767,27,0.424374,176
disagreement,5,0,300,0.000307,0.221245,0.085022,15,0.522677,9,0.124340,3,0.591761,9,0.062338,2,0.020647,1,0.691889,24,0.092635,4,0.004296,0,0.016849,4
disagreement,5,1,600,33.366156,0.433532,0.239291,134,0.698165,127,0.526401,35,0.786161,118,0.386705,70,0.259122,38,0.732250,68,0.545849,108,0.002034,0,0.159344,27
disagreement,5,2,900,35.381509,0.490233,0.309476,305,0.713249,160,0.602001,81,0.787648,168,0.429382,157,0.347915,84,0.774298,196,0.567412,240,0.006179,0,0.364771,75
disagreement,5,3,1200,34.982079,0.511106,0.320760,453,0.745701,197,0.638447,126,0.791564,228,0.463783,231,0.376987,112,0.788970,308,0.573817,345,0.059189,1,0.351844,104
disagreement,5,4,1500,35.447906,0.598781,0.353390,583,0.767258,237,0.645232,166,0.820359,286,0.462378,279,0.410066,139,0.795591,404,0.600972,425,0.764701,10,0.367868,119
disagreement,5,5,1800,37.212302,0.601660,0.352858,693,0.785185,271,0.648425,189,0.832265,338,0.455682,320,0.384080,166,0.804780,497,0.594473,513,0.785110,14,0.373743,138
disagreement,5,6,2100,38.325691,0.603090,0.360164,809,0.785408,316,0.650397,214,0.832304,400,0.458674,363,0.390899,191,0.810126,590,0.622023,583,0.733147,16,0.387760,154
disagreement,5,7,2400,39.076561,0.619641,0.366895,892,0.790737,363,0.678713,239,0.840288,447,0.471821,400,0.404734,204,0.817953,695,0.620964,623,0.822048,19,0.382256,166
disagreement,5,8,2700,40.669827,0.622968,0.355253,976,0.788526,381,0.664027,267,0.843760,504,0.517168,439,0.415223,225,0.820945,764,0.616148,672,0.792561,20,0.416065,183
disagreement,5,9,3000,41.863775,0.635104,0.366475,1042,0.801562,417,0.675850,279,0.853172,558,0.504001,460,0.426630,242,0.826750,846,0.617837,697,0.836433,22,0.442333,187
disagreement,6,0,300,0.000303,0.209887,0.034816,13,0.497096,8,0.166948,5,0.488211,11,0.023911,4,0.016504,2,0.665097,26,0.188135,4,0.008173,1,0.009979,3
disagreement,6,1,600,38.866205,0.428064,0.247565,189,0.684474,58,0.558629,45,0.773909,95,0.392328,94,0.207575,40,0.755270,131,0.528348,157,0.036759,1,0.095786,38
disagreement,6,2,900,35.729177,0.529886,0.296140,339,0.709424,127,0.598217,86,0.799255,179,0.449020,180,0.342778,102,0.773641,208,0.575498,263,0.408524,6,0.346364,80
disagreement,6,3,1200,37.040222,0.565453,0.303388,457,0.740010,177,0.621174,115,0.810649,234,0.432014,246,0.376403,135,0.790219,297,0.585589,365,0.622514,15,0.372567,106
disagreement,6,4,1500,35.421034,0.592513,0.345279,552,0.758940,227,0.639289,135,0.822055,289,0.489512,275,0.402909,152,0.792775,398,0.602133,416,0.677619,17,0.394618,125
disagreement,6,5,1800,38.214366,0.594133,0.330849,670,0.759916,272,0.627830,163,0.832120,349,0.471524,327,0.400408,170,0.808826,505,0.607070,484,0.698329,21,0.404463,137
disagreement,6,6,2100,38.913927,0.604707,0.349523,785,0.774167,336,0.648390,195,0.836794,408,0.499253,372,0.414206,187,0.807059,601,0.626150,554,0.705963,23,0.385569,150
disagreement,6,7,2400,40.671792,0.606998,0.347718,885,0.783323,369,0.659673,219,0.849010,469,0.510761,410,0.416012,207,0.815307,700,0.618409,608,0.689345,24,0.380421,158
disagreement,6,8,2700,41.543116,0.609152,0.363789,972,0.784126,407,0.654257,250,0.849437,508,0.502331,434,0.407315,221,0.827028,786,0.618713,651,0.685509,24,0.399014,170
disagreement,6,9,3000,43.209896,0.617837,0.364669,1032,0.779841,430,0.654927,263,0.859649,551,0.492972,457,0.408046,230,0.831300,853,0.626555,680,0.790639,28,0.369769,176
disagreement,7,0,300,0.00029,0.213159,0.076506,12,0.498574,5,0.055699,2,0.542679,8,0.038727,4,0.022173,3,0.669647,28,0.174781,4,0.038149,1,0.014656,1
disagreement,7,1,600,34.321018,0.441873,0.245370,148,0.694776,61,0.543183,50,0.798047,112,0.388510,83,0.147033,37,0.733233,87,0.531186,101,0.254160,6,0.083235,23
disagreement,7,2,900,33.575845,0.543725,0.288178,304,0.699400,113,0.585186,92,0.793647,191,0.436747,167,0.325117,87,0.755624,190,0.567553,239,0.687027,15,0.298770,74
disagreement,7,3,1200,36.38266,0.554039,0.314067,406,0.739961,162,0.594457,118,0.812759,233,0.445443,209,0.335622,106,0.790284,323,0.571050,315,0.668075,19,0.268669,90
disagreement,7,4,1500,35.214728,0.587159,0.344020,529,0.749191,235,0.630445,148,0.818330,294,0.481286,262,0.365419,129,0.798972,406,0.604705,380,0.701074,23,0.378146,111
disagreement,7,5,1800,37.785069,0.592803,0.356575,642,0.756710,285,0.651604,178,0.832350,351,0.485550,305,0.364086,157,0.804034,511,0.618614,460,0.674592,23,0.383917,125
disagreement,7,6,2100,37.981016,0.609387,0.356939,739,0.774329,317,0.664407,205,0.833693,394,0.486263,349,0.406233,176,0.811584,608,0.615688,518,0.735530,26,0.409207,144
disagreement,7,7,2400,38.706712,0.614504,0.353306,864,0.783063,355,0.668612,230,0.838455,457,0.515014,398,0.392107,197,0.813802,711,0.619799,593,0.754066,27,0.406810,160
disagreement,7,8,2700,39.857042,0.616360,0.354542,973,0.787458,393,0.667660,252,0.851649,499,0.490882,440,0.430832,216,0.823986,811,0.631687,654,0.719163,27,0.405741,177
disagreement,7,9,3000,41.589777,0.620277,0.359991,1032,0.778358,415,0.664425,276,0.852725,547,0.489403,459,0.422127,226,0.830642,890,0.622252,686,0.789897,29,0.392954,182
disagreement,8,0,300,0.000308,0.193575,0.115016,15,0.369377,6,0.018160,1,0.564159,14,0.047550,9,0.011756,2,0.674337,16,0.124632,9,0.008529,2,0.002232,0
disagreement,8,1,600,33.529389,0.434281,0.227331,147,0.686953,66,0.549759,38,0.791953,112,0.358594,94,0.220287,30,0.751477,111,0.525422,125,0.141116,2,0.089923,29
disagreement,8,2,900,33.773055,0.525307,0.281203,290,0.702022,132,0.597354,84,0.812218,194,0.387994,154,0.295051,68,0.769382,199,0.558485,239,0.670868,10,0.178488,74
disagreement,8,3,1200,39.144454,0.560841,0.317957,462,0.726609,166,0.601875,119,0.810280,264,0.458440,225,0.408455,110,0.780858,323,0.596182,376,0.588838,10,0.318916,109
disagreement,8,4,1500,39.288626,0.570441,0.321834,552,0.726641,205,0.613340,144,0.820873,318,0.479562,267,0.383101,130,0.798288,425,0.604008,432,0.618943,15,0.337825,122
disagreement,8,5,1800,36.839215,0.587710,0.332752,702,0.773258,249,0.641948,171,0.831879,362,0.479970,322,0.405230,161,0.808660,513,0.600638,505,0.667416,16,0.335352,136
disagreement,8,6,2100,38.559807,0.596089,0.354820,795,0.766935,296,0.642861,196,0.840503,422,0.507366,363,0.408536,185,0.820995,586,0.612424,568,0.666209,20,0.340238,144
disagreement,8,7,2400,39.418995,0.605051,0.359088,899,0.774296,337,0.662396,226,0.844521,474,0.520293,407,0.403938,208,0.823445,676,0.617249,635,0.697840,21,0.347439,155
disagreement,8,8,2700,40.814919,0.607495,0.355130,962,0.765236,381,0.663905,243,0.846590,508,0.511242,432,0.408355,221,0.825707,773,0.588797,658,0.747476,22,0.362510,165
disagreement,8,9,3000,41.378908,0.610854,0.347413,1028,0.766458,408,0.648884,266,0.840349,550,0.510933,453,0.422503,231,0.829059,864,0.601882,689,0.776063,23,0.364994,173
disagreement,9,0,300,0.000306,0.228606,0.122362,10,0.474890,5,0.035785,1,0.702049,16,0.059245,6,0.031886,4,0.684340,32,0.143384,5,0.002418,0,0.029700,2
disagreement,9,1,600,33.377292,0.425554,0.289831,191,0.684265,98,0.462502,29,0.746645,103,0.374913,95,0.142219,27,0.750107,140,0.557674,153,0.003622,0,0.243761,37
disagreement,9,2,900,34.639346,0.496263,0.307453,341,0.725666,144,0.581418,81,0.782890,175,0.437186,181,0.310158,75,0.782002,240,0.565362,270,0.137637,2,0.332860,81
disagreement,9,3,1200,35.327806,0.551911,0.326609,460,0.736453,195,0.577911,108,0.804360,232,0.437796,228,0.390912,110,0.792038,338,0.591603,350,0.501081,5,0.360347,104
disagreement,9,4,1500,37.442298,0.574687,0.338857,556,0.744480,241,0.619562,132,0.816125,299,0.466458,270,0.415772,132,0.795013,430,0.615195,418,0.544772,9,0.390639,119
disagreement,9,5,1800,37.021365,0.601978,0.342750,657,0.770654,287,0.650228,171,0.826495,364,0.470901,315,0.435242,160,0.803520,504,0.618485,487,0.718770,23,0.382736,130
disagreement,9,6,2100,39.020282,0.614154,0.359177,774,0.773795,328,0.650911,196,0.826420,414,0.495990,364,0.436750,189,0.805949,605,0.627427,552,0.741796,23,0.423321,151
disagreement,9,7,2400,39.432491,0.615763,0.358064,890,0.776452,357,0.658826,217,0.838641,469,0.516746,402,0.443941,203,0.814972,695,0.628698,621,0.710823,24,0.410469,162
disagreement,9,8,2700,42.294664,0.623224,0.363896,984,0.780984,391,0.663272,243,0.850804,511,0.500560,445,0.440596,218,0.819752,796,0.637179,672,0.751152,24,0.424047,174
disagreement,9,9,3000,41.889516,0.634179,0.365112,1043,0.791991,410,0.672859,261,0.856148,558,0.509567,461,0.449980,231,0.829145,874,0.634556,701,0.781853,25,0.450575,178
entropy,0,0,300,0.002018,0.152454,0.075587,13,0.310713,3,0.008402,3,0.280788,9,0.004288,1,0.006153,3,0.664955,27,0.168836,7,0.003942,1,0.000880,2
entropy,0,1,600,18.615634,0.358721,0.246544,87,0.628928,39,0.232910,20,0.724804,35,0.214667,29,0.047262,14,0.773229,210,0.490112,38,0.188941,2,0.039813,13
entropy,0,2,900,8.538716,0.470167,0.252624,145,0.691802,60,0.442316,31,0.801376,80,0.371037,61,0.061960,24,0.804648,378,0.526161,84,0.662452,5,0.087296,27
entropy,0,3,1200,7.978622,0.507691,0.270749,218,0.685471,78,0.521350,51,0.812593,103,0.414041,86,0.126237,34,0.825234,575,0.544505,121,0.688637,9,0.188088,33
entropy,0,4,1500,15.599816,0.534908,0.290340,285,0.720269,100,0.593859,78,0.814864,132,0.427889,119,0.147794,46,0.824886,705,0.576314,167,0.762262,16,0.190607,40
entropy,0,5,1800,8.010299,0.578624,0.310710,361,0.739531,117,0.612592,94,0.830140,175,0.456355,153,0.298067,62,0.838500,850,0.557377,214,0.849923,20,0.293042,52
entropy,0,6,2100,7.911235,0.570549,0.313781,426,0.741327,141,0.636555,108,0.840879,216,0.432760,171,0.232719,67,0.841412,1023,0.565422,249,0.800090,24,0.300547,66
entropy,0,7,2400,7.945691,0.596918,0.335394,485,0.756012,167,0.646445,123,0.838963,249,0.466632,192,0.313454,77,0.848597,1170,0.591346,279,0.849090,26,0.323246,76
entropy,0,8,2700,8.067206,0.596252,0.314311,546,0.761550,188,0.639664,140,0.848136,283,0.470590,210,0.313989,84,0.850344,1322,0.581021,313,0.876083,34,0.306828,85
entropy,0,9,3000,8.064053,0.607760,0.343017,611,0.761194,206,0.639656,155,0.851666,320,0.490121,236,0.332216,93,0.849205,1485,0.579150,345,0.874205,38,0.357173,95
entropy,1,0,300,0.0003,0.221102,0.066988,13,0.486066,7,0.190773,5,0.533408,13,0.012190,3,0.004798,5,0.647150,26,0.107120,9,0.149247,3,0.013282,1
entropy,1,1,600,9.9202,0.451088,0.175581,76,0.716618,48,0.547150,34,0.798750,64,0.268960,27,0.162261,12,0.761894,142,0.502270,37,0.553006,8,0.024392,6
entropy,1,2,900,14.085022,0.492523,0.246298,134,0.728271,69,0.558704,46,0.820073,111,0.341776,64,0.217085,24,0.802261,298,0.536475,84,0.644322,12,0.029966,16
entropy,1,3,1200,9.123756,0.517684,0.245958,188,0.734651,79,0.569209,57,0.810525,129,0.406979,84,0.224444,28,0.821455,473,0.543723,117,0.695665,17,0.124232,23
entropy,1,4,1500,15.429911,0.541192,0.293257,263,0.744933,104,0.593662,70,0.830851,160,0.431208,104,0.284421,40,0.824105,651,0.551841,161,0.791162,24,0.066485,29
entropy,1,5,1800,9.112684,0.562340,0.297768,347,0.757422,125,0.614461,91,0.837358,209,0.459187,151,0.298720,54,0.837532,796,0.565001,222,0.775393,27,0.180557,44
entropy,1,6,2100,14.681475,0.582027,0.315424,396,0.758281,146,0.623946,106,0.833477,239,0.455163,168,0.326688,66,0.842545,951,0.566254,259,0.801612,36,0.296874,54
entropy,1,7,2400,9.287065,0.588657,0.324197,469,0.764652,168,0.623389,119,0.834054,263,0.450766,193,0.350330,79,0.842092,1110,0.577908,294,0.828644,38,0.290541,60
entropy,1,8,2700,9.159619,0.593182,0.327448,543,0.767081,189,0.649025,132,0.837480,292,0.463504,218,0.337448,92,0.839496,1253,0.581220,335,0.855444,44,0.273674,71
entropy,1,9,3000,9.217897,0.590621,0.334195,599,0.776766,204,0.638845,148,0.844296,320,0.473752,243,0.343030,99,0.847761,1422,0.586768,367,0.854933,46,0.205869,74
entropy,2,0,300,0.000289,0.212498,0.066399,15,0.391598,5,0.046717,4,0.489207,11,0.139595,8,0.004016,3,0.608357,23,0.106255,11,0.268077,3,0.004756,3
entropy,2,1,600,9.360424,0.476367,0.221419,72,0.690504,49,0.551461,28,0.794595,62,0.301560,30,0.056202,9,0.777144,118,0.484194,35,0.811056,18,0.075530,15
entropy,2,2,900,18.771072,0.517665,0.227233,146,0.722925,73,0.567927,48,0.819427,102,0.397091,63,0.238569,22,0.804948,258,0.501685,72,0.813254,22,0.083596,22
entropy,2,3,1200,9.095202,0.538253,0.266883,223,0.707386,99,0.608668,71,0.814888,130,0.463315,95,0.296474,32,0.827222,433,0.519525,126,0.812114,24,0.066056,30
entropy,2,4,1500,17.127717,0.563548,0.289350,292,0.749925,121,0.627337,87,0.816907,156,0.484360,125,0.333445,44,0.835977,580,0.558743,168,0.821093,27,0.118341,43
entropy,2,5,1800,9.743714,0.571526,0.293162,353,0.731294,136,0.629637,100,0.826419,190,0.463783,152,0.334400,56,0.842202,744,0.565064,199,0.826253,29,0.203050,53
entropy,2,6,2100,9.804157,0.580390,0.327637,425,0.752405,159,0.640939,116,0.829930,239,0.491253,173,0.350619,68,0.844766,905,0.564066,237,0.818461,33,0.183821,66
entropy,2,7,2400,14.409937,0.600751,0.331119,486,0.757607,185,0.639498,129,0.841756,274,0.509997,193,0.387445,84,0.851845,1049,0.581230,269,0.853503,39,0.253509,70
entropy,2,8,2700,9.42289,0.607712,0.328136,551,0.758180,204,0.637114,143,0.847750,313,0.482145,227,0.392416,99,0.852719,1202,0.590712,306,0.879642,42,0.308303,76
entropy,2,9,3000,9.838419,0.616339,0.343298,610,0.765509,222,0.653440,153,0.846474,340,0.504921,248,0.405335,108,0.850754,1352,0.579901,338,0.874919,48,0.338836,81
entropy,3,0,300,0.000281,0.210535,0.060664,10,0.503643,10,0.003232,2,0.569423,16,0.015785,3,0.009502,4,0.646897,25,0.269264,8,0.016285,2,0.010660,2
entropy,3,1,600,9.048226,0.431190,0.203720,58,0.690389,45,0.457957,17,0.782310,47,0.165298,19,0.066030,8,0.759265,108,0.487278,33,0.660314,7,0.039343,5
entropy,3,2,900,9.771033,0.489207,0.209310,125,0.718889,70,0.535946,30,0.800515,73,0.333227,46,0.185215,15,0.790790,230,0.490565,79,0.805065,14,0.022549,11
entropy,3,3,1200,9.582383,0.526838,0.276480,196,0.743937,97,0.556581,43,0.827030,108,0.365596,72,0.257977,27,0.820467,404,0.544297,119,0.817194,19,0.058821,21
entropy,3,4,1500,9.584443,0.553974,0.296449,260,0.759724,123,0.577987,56,0.826729,140,0.426244,101,0.270064,47,0.831594,527,0.552593,154,0.840147,24,0.158210,31
entropy,3,5,1800,9.833786,0.569554,0.305079,328,0.766526,150,0.584888,65,0.826566,164,0.439621,125,0.322524,58,0.834173,702,0.565165,191,0.845334,33,0.205667,37
entropy,3,6,2100,9.749166,0.576358,0.299048,390,0.763794,173,0.600218,83,0.825892,194,0.434949,145,0.343496,67,0.839464,862,0.571970,221,0.839904,34,0.244848,45
entropy,3,7,2400,9.79892,0.591916,0.317592,447,0.774641,201,0.631060,105,0.839551,241,0.461089,170,0.336368,79,0.844181,1031,0.587371,262,0.872837,37,0.254475,53
entropy,3,8,2700,9.486647,0.590191,0.313092,520,0.788671,227,0.626627,123,0.846888,277,0.446884,194,0.333484,85,0.849511,1188,0.585328,287,0.885627,39,0.225800,61
entropy,3,9,3000,9.773652,0.599460,0.315560,597,0.776805,249,0.638632,135,0.851414,313,0.477816,219,0.342756,101,0.841413,1360,0.596426,323,0.855835,41,0.297946,72
entropy,4,0,300,0.002144,0.161642,0.096448,17,0.305506,3,0.070857,4,0.331597,6,0.038092,3,0.008220,1,0.654002,30,0.005218,2,0.097804,1,0.008673,1
entropy,4,1,600,35.822776,0.417472,0.216431,82,0.658939,38,0.554662,23,0.757254,52,0.233727,27,0.086546,14,0.756172,166,0.462407,29,0.423024,3,0.025556,3
entropy,4,2,900,8.237966,0.435015,0.263333,147,0.703626,53,0.548894,38,0.796681,82,0.285546,50,0.144139,24,0.802170,331,0.472223,69,0.299338,4,0.034199,13
entropy,4,3,1200,8.535945,0.503871,0.299028,205,0.706443,80,0.561720,53,0.810922,108,0.409529,67,0.248701,41,0.822240,501,0.527668,94,0.592698,7,0.059756,19
entropy,4,4,1500,8.721146,0.534133,0.305490,268,0.719670,100,0.584245,66,0.823154,139,0.407018,97,0.326856,50,0.827116,671,0.535815,132,0.661760,14,0.150208,24
entropy,4,5,1800,36.683164,0.554916,0.317093,339,0.735012,115,0.585868,76,0.823543,181,0.420594,120,0.340564,57,0.837344,841,0.559133,172,0.778149,19,0.151863,36
entropy,4,6,2100,7.804825,0.576179,0.326228,397,0.739129,136,0.596478,94,0.837467,209,0.443629,140,0.334395,63,0.844243,983,0.587767,216,0.772015,22,0.280444,47
entropy,4,7,2400,8.816608,0.589627,0.336915,468,0.755010,160,0.609293,117,0.842497,245,0.460823,169,0.340572,72,0.846111,1147,0.585389,260,0.786326,26,0.333332,62
entropy,4,8,2700,9.000666,0.586411,0.330183,533,0.749588,177,0.607717,129,0.839401,280,0.463848,194,0.367805,83,0.844572,1327,0.587974,300,0.804603,30,0.268418,71
entropy,4,9,3000,8.783261,0.593360,0.342224,587,0.761401,204,0.632646,144,0.844249,310,0.438617,213,0.346337,93,0.853611,1487,0.584780,325,0.795138,35,0.334600,83
entropy,5,0,300,0.000375,0.174481,0.053729,8,0.318187,5,0.018094,0,0.560151,14,0.026669,4,0.011446,3,0.680474,27,0.055116,4,0.017448,1,0.003494,1
entropy,5,1,600,9.014741,0.417833,0.198300,54,0.668962,38,0.431483,13,0.806507,90,0.236837,29,0.035564,12,0.758969,81,0.466617,31,0.535932,4,0.039162,10
entropy,5,2,900,40.327503,0.481170,0.230403,121,0.693072,52,0.544423,28,0.817791,113,0.347757,58,0.089624,23,0.806116,261,0.497510,76,0.731306,11,0.053699,20
entropy,5,3,1200,10.251784,0.501957,0.285249,200,0.712658,79,0.587310,42,0.809309,150,0.386887,93,0.134252,36,0.822460,421,0.521143,124,0.698795,17,0.061504,29
entropy,5,4,1500,9.470436,0.537813,0.298714,261,0.743796,98,0.582292,56,0.825119,171,0.437417,117,0.124142,52,0.821424,579,0.528963,169,0.825215,25,0.191047,35
entropy,5,5,1800,9.44489,0.539216,0.290432,322,0.752777,123,0.570177,69,0.836408,201,0.392476,137,0.242052,60,0.831461,763,0.517657,214,0.789800,31,0.168915,42
entropy,5,6,2100,9.465402,0.571910,0.305439,376,0.752307,151,0.609242,85,0.829555,238,0.457776,155,0.282890,67,0.835440,921,0.562673,244,0.842701,38,0.241080,51
entropy,5,7,2400,38.728268,0.584789,0.329748,449,0.756371,169,0.624608,100,0.843094,268,0.482803,188,0.295060,73,0.840116,1086,0.578714,282,0.868052,46,0.229326,60
entropy,5,8,2700,9.529051,0.581025,0.318903,505,0.769639,193,0.614012,117,0.848608,300,0.462944,212,0.331887,84,0.847523,1246,0.567543,303,0.866841,51,0.182347,70
entropy,5,9,3000,9.504223,0.584587,0.318511,563,0.763710,214,0.622243,131,0.847683,337,0.464416,232,0.329371,94,0.846764,1405,0.569500,335,0.868965,55,0.214702,78
entropy,6,0,300,0.000395,0.179317,0.045540,16,0.239119,4,0.156850,6,0.497263,12,0.013239,4,0.023835,3,0.640708,19,0.111881,3,0.063366,2,0.001369,2
entropy,6,1,600,9.538618,0.458868,0.223414,69,0.604718,14,0.530855,29,0.738601,46,0.257468,27,0.184261,13,0.781771,190,0.458211,30,0.739977,6,0.069408,13
entropy,6,2,900,35.350409,0.515978,0.261292,130,0.701616,63,0.557185,40,0.801567,86,0.343510,61,0.302486,30,0.796979,328,0.527172,70,0.776602,10,0.091375,20
entropy,6,3,1200,8.70649,0.530197,0.277607,203,0.732569,80,0.558843,62,0.804036,127,0.374126,89,0.312924,46,0.819010,488,0.546038,131,0.781802,13,0.095010,34
entropy,6,4,1500,15.449944,0.571142,0.293681,293,0.743465,103,0.589042,84,0.807626,158,0.437352,123,0.369738,59,0.827417,652,0.560693,181,0.814830,19,0.267575,46
entropy,6,5,1800,10.05263,0.572653,0.285551,354,0.750967,117,0.601968,101,0.820665,186,0.438914,150,0.390401,68,0.839256,810,0.563236,213,0.828465,23,0.207109,51
entropy,6,6,2100,10.03985,0.590573,0.329090,410,0.759908,141,0.628800,116,0.821937,221,0.462822,181,0.385428,74,0.841932,972,0.586949,243,0.842897,26,0.245966,65
entropy,6,7,2400,9.250196,0.599555,0.344352,478,0.761678,165,0.642645,131,0.826606,249,0.464922,210,0.371844,87,0.846138,1131,0.576155,289,0.850378,27,0.310827,74
entropy,6,8,2700,25.346127,0.600467,0.339861,550,0.767898,190,0.642415,148,0.833789,286,0.479758,227,0.397688,95,0.838946,1284,0.594973,328,0.831906,29,0.277437,80
entropy,6,9,3000,9.402437,0.614477,0.361400,614,0.776898,213,0.654235,158,0.841705,328,0.472027,250,0.400718,110,0.845181,1430,0.597353,361,0.866627,35,0.328626,91
entropy,7,0,300,0.000428,0.259861,0.060411,6,0.604219,16,0.245672,3,0.611517,6,0.113385,3,0.022056,1,0.686687,20,0.234145,6,0.004150,0,0.016365,1
entropy,7,1,600,9.168774,0.399538,0.196903,68,0.638749,34,0.447905,25,0.779209,52,0.247189,26,0.085971,8,0.804971,174,0.456123,44,0.326577,1,0.011781,10
entropy,7,2,900,9.042773,0.443404,0.247247,132,0.701906,61,0.521226,40,0.789210,93,0.394834,54,0.126392,18,0.809086,338,0.511608,98,0.285897,3,0.046638,17
entropy,7,3,1200,14.160371,0.498155,0.253677,191,0.732190,85,0.560667,54,0.818178,118,0.425040,77,0.212075,26,0.820391,515,0.537863,133,0.548189,8,0.073285,29
entropy,7,4,1500,19.412242,0.519850,0.277788,265,0.742243,106,0.577101,71,0.813613,150,0.430036,105,0.173803,34,0.836386,668,0.557891,175,0.622296,12,0.167339,43
entropy,7,5,1800,11.046559,0.550556,0.313108,341,0.749068,123,0.586303,85,0.827582,181,0.446182,128,0.265819,48,0.837098,821,0.569397,208,0.633051,13,0.277953,52
entropy,7,6,2100,11.820298,0.563882,0.304524,412,0.767823,145,0.605414,98,0.832762,217,0.460927,150,0.290914,54,0.847004,996,0.574502,245,0.698586,15,0.256364,60
entropy,7,7,2400,9.197325,0.593225,0.316016,469,0.767962,171,0.595717,119,0.836938,251,0.487138,173,0.321739,71,0.849632,1138,0.586322,277,0.833141,21,0.337642,75
entropy,7,8,2700,12.119266,0.593588,0.313880,542,0.771919,198,0.620596,137,0.835826,290,0.479807,196,0.325805,83,0.852805,1292,0.566204,319,0.830882,23,0.338161,83
entropy,7,9,3000,28.167214,0.601635,0.334204,613,0.784249,220,0.631668,147,0.848612,329,0.483191,224,0.333245,97,0.850145,1469,0.583557,353,0.869436,29,0.298046,88
entropy,8,0,300,0.0003,0.218042,0.100675,20,0.322721,8,0.088318,5,0.424085,9,0.046749,3,0.028097,3,0.686657,31,0.176059,4,0.296558,2,0.010500,0
entropy,8,1,600,17.160546,0.390287,0.202672,74,0.660885,26,0.337645,18,0.768308,49,0.142336,24,0.079634,5,0.766411,195,0.404871,40,0.518621,5,0.021486,5
entropy,8,2,900,9.162415,0.473243,0.257063,140,0.710283,51,0.476120,38,0.788611,88,0.317031,49,0.151763,16,0.788822,328,0.495430,85,0.689256,9,0.058055,16
entropy,8,3,1200,9.233675,0.511681,0.280605,205,0.724769,78,0.490659,47,0.784569,110,0.391633,81,0.245207,24,0.807706,512,0.515029,121,0.755751,14,0.120883,24
entropy,8,4,1500,9.158786,0.533548,0.304602,275,0.742489,105,0.550231,56,0.810251,147,0.399591,109,0.259364,30,0.825779,699,0.515058,165,0.735165,20,0.192951,27
entropy,8,5,1800,9.361606,0.562977,0.330317,348,0.742558,122,0.596204,65,0.825180,175,0.428437,132,0.322784,39,0.836374,882,0.544902,197,0.778703,23,0.224313,38
entropy,8,6,2100,8.885979,0.575094,0.324965,405,0.758974,151,0.618439,81,0.827723,211,0.467440,155,0.366084,58,0.836380,1031,0.545793,230,0.756055,26,0.249089,42
entropy,8,7,2400,12.503258,0.579236,0.324990,472,0.770386,173,0.622247,95,0.829571,249,0.491029,173,0.378227,69,0.847596,1182,0.543892,263,0.802045,33,0.182377,52
entropy,8,8,2700,14.657443,0.602677,0.331334,535,0.777017,193,0.636015,111,0.839974,287,0.497623,192,0.338997,84,0.847027,1341,0.565956,304,0.885891,37,0.306932,63
entropy,8,9,3000,19.720927,0.612699,0.343348,592,0.779572,217,0.645411,129,0.842045,314,0.488893,208,0.350774,96,0.851829,1492,0.578520,338,0.873752,43,0.372842,72
entropy,9,0,300,0.000291,0.242158,0.082080,15,0.387027,7,0.244355,4,0.489762,15,0.047772,2,0.010856,3,0.679239,33,0.114262,5,0.355362,4,0.010864,2
entropy,9,1,600,24.231883,0.437629,0.196726,72,0.654509,33,0.523304,15,0.787468,70,0.167090,15,0.082808,9,0.778191,185,0.451667,31,0.663735,7,0.070792,8
entropy,9,2,900,22.430211,0.493428,0.258210,134,0.713225,52,0.547922,34,0.790284,96,0.219002,42,0.203147,10,0.811615,323,0.528835,73,0.795316,13,0.066729,23
entropy,9,3,1200,9.58808,0.521127,0.285913,203,0.728596,76,0.578314,50,0.787449,128,0.377505,75,0.144033,14,0.826823,492,0.536455,105,0.750935,18,0.195247,34
entropy,9,4,1500,8.946705,0.544978,0.301596,266,0.727659,92,0.595376,67,0.795875,150,0.369805,92,0.233999,21,0.834203,654,0.541364,143,0.809663,23,0.240236,41
entropy,9,5,1800,14.342698,0.559751,0.300766,326,0.753634,106,0.602233,89,0.811587,185,0.413352,119,0.259521,40,0.838579,804,0.554910,179,0.832811,25,0.230117,55
entropy,9,6,2100,9.237749,0.577869,0.333943,405,0.765638,132,0.624226,104,0.811261,222,0.453792,144,0.268514,54,0.844306,960,0.561887,222,0.882742,32,0.232384,59
entropy,9,7,2400,17.916397,0.583722,0.332990,457,0.761637,153,0.623165,118,0.829357,248,0.444129,166,0.321695,69,0.847160,1120,0.569130,250,0.889626,35,0.218329,65
entropy,9,8,2700,9.826216,0.596005,0.322276,525,0.768941,185,0.632196,132,0.839112,290,0.465303,190,0.349594,75,0.852047,1278,0.556237,283,0.901301,37,0.273042,70
entropy,9,9,3000,9.290334,0.604367,0.338434,591,0.771097,211,0.646117,148,0.833556,319,0.487852,209,0.346346,86,0.850260,1430,0.581523,320,0.883268,41,0.305218,84
farthest-traversal,0,0,300,0.000299,0.264539,0.094829,13,0.397875,8,0.315874,6,0.536963,13,0.076290,3,0.019106,1,0.683706,21,0.224830,7,0.290629,1,0.005283,1
farthest-traversal,0,1,600,14.981901,0.455050,0.151563,23,0.665275,41,0.489111,12,0.767143,57,0.267477,12,0.178393,9,0.689759,30,0.480585,17,0.841418,13,0.019775,2
farthest-traversal,0,2,900,15.540119,0.486794,0.184075,36,0.721872,71,0.541124,22,0.805571,100,0.262057,21,0.178622,15,0.739302,45,0.515195,29,0.863358,18,0.056761,6
farthest-traversal,0,3,1200,12.856936,0.513658,0.170228,54,0.737218,98,0.562500,28,0.814231,131,0.388918,31,0.251583,26,0.755573,60,0.528729,43,0.889906,21,0.037694,10
farthest-traversal,0,4,1500,13.547265,0.529048,0.207588,70,0.762474,119,0.579325,33,0.836062,165,0.369419,36,0.313882,31,0.750311,74,0.523192,52,0.889450,23,0.058776,13
farthest-traversal,0,5,1800,12.84718,0.531829,0.210254,89,0.763398,142,0.591114,40,0.843995,188,0.380138,42,0.295967,32,0.775916,90,0.522439,64,0.884127,25,0.050946,14
farthest-traversal,0,6,2100,13.115552,0.551557,0.239081,113,0.773348,167,0.614081,48,0.847592,221,0.422553,47,0.308832,39,0.775786,110,0.558474,76,0.893652,27,0.082172,19
farthest-traversal,0,7,2400,12.856481,0.545813,0.237156,127,0.777096,185,0.595562,56,0.845057,245,0.390184,49,0.316593,42,0.794619,127,0.541012,84,0.888628,31,0.072225,22
farthest-traversal,0,8,2700,12.710612,0.561843,0.236965,147,0.784996,207,0.629021,67,0.855498,284,0.394036,56,0.371055,53,0.790734,141,0.540314,95,0.907136,32,0.108671,23
farthest-traversal,0,9,3000,12.900395,0.560677,0.242797,164,0.783886,223,0.602642,70,0.864292,316,0.406980,64,0.365926,60,0.794672,159,0.552189,102,0.915674,35,0.077716,26
farthest-traversal,1,0,300,0.000377,0.165761,0.040697,9,0.285080,3,0.037219,6,0.379963,9,0.003947,3,0.003903,4,0.634710,17,0.019054,2,0.250812,4,0.002225,1
farthest-traversal,1,1,600,14.472705,0.456286,0.169141,20,0.686070,40,0.467791,12,0.770993,48,0.220244,10,0.174494,16,0.744485,29,0.456483,10,0.838300,13,0.034859,2
farthest-traversal,1,2,900,15.966082,0.466148,0.170459,39,0.714376,72,0.461294,18,0.798493,88,0.253804,18,0.233692,26,0.733660,42,0.431462,22,0.833454,16,0.030787,5
farthest-traversal,1,3,1200,12.853408,0.504838,0.210209,57,0.735602,98,0.535325,24,0.822366,123,0.341509,27,0.250383,30,0.762475,59,0.467964,36,0.884809,20,0.037739,7
farthest-traversal,1,4,1500,13.234093,0.512060,0.210710,77,0.747612,119,0.563611,32,0.824964,148,0.358576,32,0.272718,37,0.768962,75,0.445482,46,0.887655,21,0.040310,14
farthest-traversal,1,5,1800,12.780679,0.513211,0.178854,95,0.758228,148,0.570175,36,0.835959,179,0.348709,42,0.270692,41,0.781339,87,0.488194,58,0.860362,22,0.039593,16
farthest-traversal,1,6,2100,13.552378,0.531467,0.231163,122,0.781813,175,0.580793,42,0.836673,209,0.347930,48,0.293333,47,0.779057,108,0.523031,70,0.894329,26,0.046546,17
farthest-traversal,1,7,2400,13.540466,0.545867,0.266696,139,0.784433,194,0.586657,50,0.847000,239,0.407703,53,0.303476,55,0.794474,126,0.541465,80,0.878619,30,0.048145,21
farthest-traversal,1,8,2700,13.408886,0.552913,0.274232,156,0.794136,213,0.587351,60,0.853335,269,0.426554,62,0.314887,58,0.799434,145,0.554976,92,0.880822,32,0.043408,22
farthest-traversal,1,9,3000,12.86651,0.551486,0.255535,181,0.789865,234,0.605243,71,0.846476,296,0.414188,68,0.336883,64,0.801768,166,0.538190,98,0.881146,34,0.045565,25
farthest-traversal,2,0,300,0.000325,0.143515,0.089849,11,0.301078,7,0.002247,3,0.285200,14,0.023713,4,0.002564,5,0.653868,26,0.007894,2,0.067753,2,0.000985,1
farthest-traversal,2,1,600,14.580215,0.448769,0.167159,21,0.684738,45,0.510003,10,0.784815,51,0.169146,10,0.150742,13,0.717539,32,0.415905,16,0.860623,11,0.027022,4
farthest-traversal,2,2,900,13.48513,0.473288,0.184089,37,0.710894,73,0.489569,23,0.804387,98,0.211332,18,0.237988,22,0.734622,43,0.425169,25,0.890429,18,0.044399,9
farthest-traversal,2,3,1200,13.331486,0.510777,0.201682,55,0.751084,98,0.564202,27,0.824297,127,0.330657,25,0.259399,29,0.744902,62,0.483175,40,0.895999,21,0.052378,12
farthest-traversal,2,4,1500,13.300633,0.516338,0.225786,74,0.758430,124,0.560490,33,0.844534,156,0.301532,32,0.278653,38,0.751275,78,0.489788,51,0.899431,22,0.053461,13
farthest-traversal,2,5,1800,12.68388,0.526470,0.215246,95,0.763983,148,0.567928,37,0.846629,192,0.357779,41,0.289802,42,0.767230,90,0.510449,66,0.897124,25,0.048524,14
farthest-traversal,2,6,2100,12.891089,0.532895,0.214694,111,0.769362,169,0.601904,51,0.854644,222,0.340420,47,0.309737,48,0.768937,108,0.507024,75,0.906869,27,0.055359,17
farthest-traversal,2,7,2400,13.176186,0.543434,0.249225,131,0.770252,183,0.600357,59,0.858693,254,0.367427,56,0.328993,52,0.769210,121,0.536802,82,0.894345,30,0.059036,19
farthest-traversal,2,8,2700,12.847491,0.553954,0.282707,151,0.780303,205,0.602094,66,0.859849,286,0.389749,63,0.324554,60,0.780451,143,0.532225,90,0.894244,32,0.093360,21
farthest-traversal,2,9,3000,13.228817,0.564832,0.254138,171,0.787897,226,0.601378,77,0.859907,315,0.424761,69,0.343177,65,0.772382,161,0.554741,100,0.913582,34,0.136352,23
farthest-traversal,3,0,300,0.000304,0.233183,0.100163,12,0.529268,8,0.026996,3,0.666238,15,0.046464,1,0.034247,4,0.656163,26,0.116454,3,0.140113,3,0.015720,1
farthest-traversal,3,1,600,14.43481,0.427521,0.163178,22,0.676630,45,0.422169,10,0.784372,60,0.133265,9,0.145009,15,0.701320,34,0.410216,15,0.803199,11,0.035849,4
farthest-traversal,3,2,900,12.760769,0.473805,0.174855,35,0.716280,78,0.523119,18,0.802798,85,0.260595,18,0.180287,20,0.736813,45,0.444037,29,0.862013,17,0.037253,5
farthest-traversal,3,3,1200,12.806558,0.502536,0.196235,56,0.748317,105,0.557969,23,0.823240,117,0.260929,26,0.259713,26,0.766247,64,0.464733,40,0.888861,19,0.059117,11
farthest-traversal,3,4,1500,15.959851,0.507862,0.221060,79,0.755185,124,0.592722,36,0.826364,146,0.247676,33,0.224130,33,0.763727,82,0.526961,51,0.874484,21,0.046308,16
farthest-traversal,3,5,1800,15.232273,0.535784,0.240076,99,0.770056,145,0.585331,45,0.839456,174,0.307941,41,0.280594,36,0.780552,96,0.565057,62,0.884860,25,0.103918,19
farthest-traversal,3,6,2100,14.312782,0.533800,0.248250,118,0.770567,165,0.594053,53,0.840274,210,0.319296,46,0.278035,39,0.781733,110,0.546586,68,0.874202,27,0.085004,19
farthest-traversal,3,7,2400,13.771182,0.546268,0.251457,136,0.774954,181,0.604609,62,0.853369,238,0.365871,52,0.286502,43,0.785380,121,0.536686,79,0.903385,32,0.100471,20
farthest-traversal,3,8,2700,14.74918,0.530426,0.238277,153,0.779855,201,0.606093,73,0.857487,272,0.282613,54,0.254571,50,0.788165,141,0.544454,91,0.896710,35,0.056034,20
farthest-traversal,3,9,3000,12.770922,0.550491,0.259548,170,0.784839,223,0.606176,77,0.861944,302,0.373305,60,0.308749,55,0.776865,160,0.553217,100,0.910429,36,0.069840,24
farthest-traversal,4,0,300,0.000287,0.205994,0.126953,14,0.345800,8,0.103645,4,0.534154,15,0.027940,1,0.014431,3,0.698815,30,0.073731,2,0.115425,1,0.019042,2
farthest-traversal,4,1,600,14.623055,0.450134,0.167429,29,0.681707,42,0.518261,12,0.772553,54,0.158524,7,0.204116,11,0.715457,36,0.401206,13,0.845345,13,0.036736,4
farthest-traversal,4,2,900,17.910122,0.488408,0.179287,45,0.724746,72,0.551249,25,0.827930,93,0.274452,14,0.228520,20,0.731896,45,0.456928,26,0.872234,16,0.036837,8
farthest-traversal,4,3,1200,13.229505,0.509677,0.190986,56,0.739111,94,0.561271,29,0.829110,128,0.309113,24,0.316414,27,0.741142,57,0.453647,35,0.881933,19,0.074048,13
farthest-traversal,4,4,1500,12.748477,0.516950,0.200251,77,0.760174,121,0.579927,37,0.836660,158,0.319610,33,0.275364,32,0.748547,71,0.477883,45,0.902136,20,0.068949,17
farthest-traversal,4,5,1800,12.902884,0.532057,0.229934,101,0.769289,147,0.588716,46,0.841518,186,0.354427,41,0.293801,36,0.757508,93,0.512511,57,0.902609,23,0.070255,20
farthest-traversal,4,6,2100,12.749478,0.530011,0.233265,116,0.783104,164,0.598551,53,0.843066,215,0.331673,46,0.287580,41,0.770108,105,0.493865,68,0.910993,25,0.047903,20
farthest-traversal,4,7,2400,14.298669,0.543918,0.264015,135,0.785366,188,0.592800,60,0.852677,242,0.329611,51,0.326532,45,0.771198,124,0.520513,76,0.922190,28,0.074276,23
farthest-traversal,4,8,2700,13.169146,0.552155,0.267956,158,0.784471,202,0.594062,73,0.861580,283,0.382678,57,0.346583,52,0.773406,143,0.535996,88,0.910553,31,0.064267,24
farthest-traversal,4,9,3000,12.879938,0.550467,0.224346,169,0.795927,225,0.607647,77,0.863916,317,0.387220,65,0.336069,56,0.781696,158,0.533894,100,0.917551,32,0.056405,26
farthest-traversal,5,0,300,0.000275,0.174567,0.118174,11,0.406252,2,0.054884,1,0.459862,9,0.010256,5,0.008497,1,0.662859,31,0.015903,1,0.007365,2,0.001619,0
farthest-traversal,5,1,600,14.870891,0.455942,0.180382,24,0.673318,37,0.449221,8,0.769836,57,0.223974,14,0.200810,12,0.751778,41,0.449757,17,0.842117,13,0.018227,2
farthest-traversal,5,2,900,13.606648,0.492103,0.178182,45,0.720636,69,0.529740,23,0.803890,94,0.344306,24,0.224468,21,0.746441,52,0.458695,27,0.871517,18,0.043156,7
farthest-traversal,5,3,1200,13.1481,0.511116,0.194336,57,0.740475,97,0.538003,25,0.825798,128,0.357793,29,0.269701,29,0.755808,61,0.486161,39,0.882018,21,0.061066,11
farthest-traversal,5,4,1500,13.152368,0.521662,0.222191,81,0.772356,121,0.555608,28,0.849431,164,0.332996,38,0.299327,36,0.780921,78,0.495414,51,0.864786,23,0.043591,12
farthest-traversal,5,5,1800,12.888105,0.535276,0.220350,102,0.771269,144,0.565047,41,0.851386,191,0.328582,43,0.335973,40,0.790461,104,0.528874,69,0.902411,26,0.058410,16
farthest-traversal,5,6,2100,12.74955,0.543215,0.236080,123,0.789276,168,0.604957,55,0.852107,220,0.345761,53,0.321913,43,0.795743,116,0.540419,82,0.901087,29,0.044809,21
farthest-traversal,5,7,2400,12.815167,0.548100,0.239466,137,0.788111,191,0.588402,60,0.851746,245,0.371642,62,0.330101,46,0.798061,134,0.562706,90,0.899826,31,0.050937,21
farthest-traversal,5,8,2700,18.113128,0.551053,0.262023,155,0.791354,207,0.616349,74,0.860015,286,0.405968,66,0.301473,51,0.799063,151,0.533683,97,0.897528,34,0.043072,24
farthest-traversal,5,9,3000,16.380067,0.566004,0.241760,171,0.791489,230,0.618308,78,0.857608,307,0.396992,71,0.322336,58,0.806256,167,0.557988,103,0.909563,34,0.157738,24
farthest-traversal,6,0,300,0.000284,0.203166,0.074641,18,0.508395,7,0.020903,4,0.394160,9,0.087452,6,0.019111,2,0.677421,33,0.232476,8,0.003518,0,0.013579,1
farthest-traversal,6,1,600,14.499672,0.444335,0.162732,28,0.703498,42,0.445141,10,0.783473,51,0.206511,9,0.199408,12,0.690724,41,0.412057,13,0.819927,12,0.019878,2
farthest-traversal,6,2,900,12.752134,0.474329,0.188960,41,0.731150,76,0.513624,18,0.812791,90,0.283154,21,0.164441,19,0.679156,50,0.458705,27,0.881166,19,0.030149,6
farthest-traversal,6,3,1200,13.258766,0.499068,0.206777,57,0.750293,97,0.540149,25,0.818937,123,0.243609,29,0.274560,29,0.700367,65,0.498427,41,0.890490,20,0.067072,10
farthest-traversal,6,4,1500,13.176243,0.515412,0.218758,73,0.761992,124,0.548997,31,0.830974,153,0.348540,38,0.275108,31,0.739707,81,0.502325,48,0.889442,22,0.038280,11
farthest-traversal,6,5,1800,12.742185,0.528526,0.240356,94,0.773264,152,0.579037,38,0.839884,187,0.379140,44,0.272717,37,0.757194,95,0.489264,61,0.901925,25,0.052478,11
farthest-traversal,6,6,2100,12.833198,0.554074,0.269192,118,0.776990,169,0.603745,52,0.843535,218,0.418851,51,0.302177,43,0.763941,111,0.510440,72,0.899696,27,0.152170,15
farthest-traversal,6,7,2400,12.834808,0.545205,0.261076,134,0.776629,194,0.603897,61,0.848476,246,0.394110,58,0.285457,47,0.771747,132,0.514794,81,0.892535,29,0.103329,20
farthest-traversal,6,8,2700,16.246458,0.559634,0.262029,154,0.792877,206,0.611644,68,0.863177,282,0.393958,64,0.349926,56,0.778949,149,0.570986,92,0.906074,34,0.066719,21
farthest-traversal,6,9,3000,17.748963,0.563516,0.275428,172,0.798852,239,0.612995,72,0.861759,309,0.417804,71,0.341345,62,0.794087,171,0.572958,106,0.887919,36,0.072011,21
farthest-traversal,7,0,300,0.000289,0.212356,0.108073,22,0.271951,4,0.098187,3,0.492880,15,0.017330,6,0.055609,5,0.636863,31,0.216416,9,0.208234,2,0.018016,4
farthest-traversal,7,1,600,14.528075,0.454126,0.177128,32,0.689862,43,0.489963,10,0.756267,53,0.250454,13,0.173988,10,0.707057,41,0.449927,20,0.814361,12,0.032255,5
farthest-traversal,7,2,900,12.889786,0.502811,0.237976,48,0.722812,75,0.570305,20,0.811421,93,0.273222,17,0.237200,17,0.744078,53,0.485091,32,0.901993,18,0.044012,9
farthest-traversal,7,3,1200,16.971601,0.495103,0.213070,67,0.738079,92,0.513968,24,0.822812,128,0.253262,25,0.244445,27,0.748421,68,0.479255,40,0.876115,19,0.061603,12
farthest-traversal,7,4,1500,12.764926,0.516755,0.237453,88,0.754646,120,0.559618,30,0.832283,160,0.331523,36,0.274445,35,0.759865,81,0.491120,50,0.885489,22,0.041107,15
farthest-traversal,7,5,1800,16.568392,0.535566,0.254993,106,0.762600,143,0.594791,38,0.839770,190,0.361327,45,0.310923,36,0.769848,92,0.509174,62,0.898347,25,0.053889,17
farthest-traversal,7,6,2100,14.427261,0.542513,0.268797,133,0.777036,170,0.573933,46,0.846685,220,0.399970,51,0.303531,40,0.764282,106,0.529595,72,0.900831,26,0.060464,19
farthest-traversal,7,7,2400,17.313042,0.551204,0.265577,149,0.786360,189,0.596204,55,0.854925,247,0.393866,55,0.318981,42,0.773156,128,0.548364,85,0.913743,30,0.060862,21
farthest-traversal,7,8,2700,13.955351,0.549869,0.276352,167,0.780638,206,0.624734,69,0.851638,277,0.365293,63,0.326863,49,0.779713,144,0.534463,95,0.907160,32,0.051838,22
farthest-traversal,7,9,3000,13.065686,0.567721,0.283671,184,0.790698,228,0.624492,79,0.854585,303,0.412759,68,0.354439,57,0.795010,167,0.547648,101,0.926081,33,0.087824,26
farthest-traversal,8,0,300,0.000296,0.134788,0.027828,6,0.498319,7,0.013321,3,0.065536,5,0.017933,1,0.007611,0,0.690634,28,0.015973,2,0.009443,2,0.001280,0
farthest-traversal,8,1,600,14.535214,0.432625,0.180277,18,0.702915,41,0.478769,11,0.755164,49,0.161645,9,0.135542,9,0.702311,37,0.407176,13,0.783636,12,0.018819,2
farthest-traversal,8,2,900,19.207881,0.468372,0.206168,34,0.724178,78,0.525018,18,0.792900,86,0.244225,20,0.176611,16,0.722633,46,0.418849,31,0.838552,18,0.034584,4
farthest-traversal,8,3,1200,13.362195,0.500765,0.185829,51,0.753767,101,0.553079,25,0.823341,125,0.276047,31,0.234601,25,0.743075,58,0.472270,41,0.882388,22,0.083253,9
farthest-traversal,8,4,1500,12.789033,0.524678,0.185563,74,0.771944,132,0.575598,31,0.832792,156,0.360823,37,0.309525,28,0.761560,74,0.503893,51,0.891272,24,0.053806,12
farthest-traversal,8,5,1800,12.956771,0.536699,0.241538,95,0.780086,152,0.591334,40,0.845334,182,0.352125,43,0.334363,35,0.748384,90,0.502025,62,0.894741,25,0.077064,15
farthest-traversal,8,6,2100,13.242442,0.546568,0.255104,116,0.782331,178,0.603843,45,0.841318,211,0.383770,48,0.324712,40,0.759053,97,0.534437,72,0.881857,25,0.099251,15
farthest-traversal,8,7,2400,13.193455,0.544049,0.249275,131,0.792100,198,0.605875,51,0.854612,240,0.358451,52,0.321379,40,0.762478,113,0.520567,81,0.879402,29,0.096352,18
farthest-traversal,8,8,2700,12.835381,0.558429,0.251942,158,0.793583,219,0.601418,63,0.863610,274,0.426263,59,0.342429,52,0.768844,139,0.532927,93,0.893062,34,0.110212,19
farthest-traversal,8,9,3000,12.817653,0.556520,0.248404,167,0.797028,240,0.619060,68,0.869731,302,0.377974,66,0.348223,59,0.769994,156,0.546242,101,0.910300,36,0.078246,21
farthest-traversal,9,0,300,0.000299,0.209154,0.099296,14,0.203681,5,0.008945,2,0.655730,15,0.089468,5,0.026246,1,0.684434,29,0.306611,7,0.001517,0,0.015613,0
farthest-traversal,9,1,600,16.535995,0.419694,0.140662,23,0.663516,45,0.347169,7,0.781655,55,0.152629,11,0.168967,9,0.719414,37,0.410664,17,0.787242,14,0.025018,2
farthest-traversal,9,2,900,13.416024,0.476928,0.186044,34,0.718220,84,0.511533,16,0.806144,87,0.190766,15,0.246805,17,0.706380,49,0.464825,25,0.865039,20,0.073524,5
farthest-traversal,9,3,1200,18.264529,0.496088,0.195682,51,0.731836,107,0.560926,27,0.825524,124,0.252852,27,0.251133,26,0.739159,58,0.467322,41,0.868405,21,0.068041,11
farthest-traversal,9,4,1500,12.772156,0.523402,0.225221,74,0.760095,133,0.599848,35,0.838192,160,0.344772,33,0.287732,31,0.747578,75,0.479189,50,0.884356,24,0.067034,12
farthest-traversal,9,5,1800,12.853342,0.525813,0.240038,94,0.769680,150,0.575603,41,0.840331,192,0.343312,42,0.279215,33,0.759722,90,0.485465,63,0.889750,27,0.075011,13
farthest-traversal,9,6,2100,12.855301,0.534564,0.262417,118,0.781482,166,0.603642,49,0.842087,225,0.348979,48,0.289606,37,0.765739,105,0.496313,72,0.893697,30,0.061679,14
farthest-traversal,9,7,2400,12.88746,0.549182,0.262651,142,0.780990,192,0.606093,56,0.848499,257,0.385669,57,0.308787,41,0.771947,121,0.538256,84,0.878335,31,0.110595,15
farthest-traversal,9,8,2700,13.156049,0.550078,0.257014,156,0.790043,207,0.624403,66,0.858077,294,0.379327,60,0.289165,49,0.783333,139,0.538518,90,0.898053,33,0.082847,16
farthest-traversal,9,9,3000,12.780246,0.557264,0.280920,178,0.795595,236,0.641424,74,0.858991,326,0.397036,62,0.308668,55,0.793884,164,0.535103,101,0.892043,33,0.068979,19
full-supervised,0,0,51760,,0.623757,0.324624,,0.834597,,0.678551,,0.884974,,0.492880,,0.407053,,0.867340,,0.621354,,0.946147,,0.180044,
full-supervised,1,0,51760,,0.645461,0.359403,,0.839380,,0.689330,,0.890644,,0.509083,,0.445136,,0.873613,,0.623997,,0.952908,,0.271116,
full-supervised,2,0,51760,,0.610748,0.305207,,0.828465,,0.683539,,0.882227,,0.489590,,0.398706,,0.865442,,0.571451,,0.942182,,0.140667,
full-supervised,3,0,51760,,0.639672,0.330165,,0.836958,,0.674851,,0.886327,,0.499040,,0.420941,,0.867595,,0.608037,,0.950765,,0.322040,
full-supervised,4,0,51760,,0.608523,0.327079,,0.833031,,0.676221,,0.883550,,0.487477,,0.359228,,0.865482,,0.582324,,0.947962,,0.122875,
full-supervised,5,0,51760,,0.606874,0.300769,,0.829463,,0.672095,,0.881968,,0.471562,,0.359612,,0.866794,,0.592203,,0.944096,,0.150180,
full-supervised,6,0,51760,,0.607437,0.274072,,0.825856,,0.679735,,0.878386,,0.503534,,0.380709,,0.867142,,0.599491,,0.944270,,0.121171,
full-supervised,7,0,51760,,0.625121,0.356446,,0.832992,,0.681031,,0.888485,,0.517506,,0.406006,,0.870058,,0.616198,,0.948729,,0.133757,
full-supervised,8,0,51760,,0.611518,0.334376,,0.837087,,0.668796,,0.883235,,0.492247,,0.378043,,0.866050,,0.602183,,0.949098,,0.104069,
full-supervised,9,0,51760,,0.636288,0.333417,,0.832149,,0.679267,,0.885437,,0.492812,,0.427113,,0.870869,,0.595983,,0.948764,,0.297073,
mfft,0,0,300,0.000305,0.202053,0.086661,13,0.399059,4,0.182199,6,0.555225,16,0.009353,5,0.018851,4,0.615635,24,0.132526,7,0.010809,2,0.010215,2
mfft,0,1,600,34.503806,0.413965,0.235247,161,0.721643,81,0.500403,27,0.754580,126,0.339804,70,0.192906,29,0.732954,108,0.529577,128,0.002789,2,0.129741,35
mfft,0,2,900,37.228165,0.521232,0.279745,319,0.734533,120,0.590648,82,0.777144,182,0.440477,178,0.357484,73,0.765651,215,0.585508,276,0.352356,6,0.328775,80
mfft,0,3,1200,35.153636,0.550766,0.305196,471,0.738692,169,0.629723,129,0.798462,245,0.484066,249,0.389646,106,0.777652,298,0.615790,364,0.393990,7,0.374440,115
mfft,0,4,1500,36.419267,0.599652,0.320275,533,0.754562,239,0.644684,147,0.820674,306,0.500937,277,0.397482,125,0.787400,344,0.615920,410,0.782139,21,0.372450,130
mfft,0,5,1800,39.022326,0.610311,0.325932,627,0.764010,289,0.643433,168,0.832892,389,0.506354,322,0.412045,145,0.800317,432,0.621161,460,0.811489,22,0.385476,136
mfft,0,6,2100,39.480411,0.625825,0.354355,753,0.778467,320,0.654005,202,0.834332,444,0.508750,370,0.456644,165,0.813840,568,0.621295,525,0.826298,23,0.410261,151
mfft,0,7,2400,40.513466,0.627414,0.364061,874,0.766037,350,0.661059,230,0.847205,495,0.527537,412,0.437766,195,0.816603,675,0.616979,609,0.829008,23,0.407885,169
mfft,0,8,2700,40.89736,0.632565,0.365275,952,0.791720,374,0.675027,249,0.856513,546,0.519250,444,0.442706,218,0.824126,742,0.620558,654,0.835791,24,0.394679,174
mfft,0,9,3000,42.090313,0.632130,0.356526,1009,0.791151,406,0.667856,264,0.854854,585,0.502860,459,0.416811,230,0.818112,796,0.629206,674,0.856848,30,0.427079,182
mfft,1,0,300,0.000305,0.147373,0.022459,10,0.323900,4,0.100460,6,0.288267,8,0.011013,4,0.009474,2,0.658526,25,0.050338,2,0.002022,2,0.007273,1
mfft,1,1,600,34.927639,0.407584,0.225727,126,0.674110,73,0.474316,50,0.779863,133,0.324016,55,0.118822,16,0.746171,89,0.492502,85,0.162773,2,0.077544,24
mfft,1,2,900,33.94212,0.542535,0.280684,275,0.731802,128,0.546873,78,0.802177,216,0.440858,159,0.356613,70,0.763603,179,0.554318,241,0.620817,6,0.327606,62
mfft,1,3,1200,36.233799,0.582514,0.318267,408,0.747266,187,0.606208,101,0.832500,274,0.472343,217,0.371610,95,0.778320,274,0.591329,333,0.761138,13,0.346156,90
mfft,1,4,1500,36.858605,0.598679,0.329966,514,0.771396,250,0.634438,131,0.837698,344,0.475788,253,0.379317,126,0.793614,341,0.601490,381,0.769072,13,0.394013,103
mfft,1,5,1800,38.147389,0.599202,0.329739,611,0.774066,296,0.632399,159,0.838307,411,0.493939,289,0.388493,145,0.801787,422,0.610140,450,0.741431,14,0.381717,117
mfft,1,6,2100,39.435059,0.614988,0.339361,721,0.789654,335,0.653188,196,0.846869,452,0.501942,338,0.394348,166,0.811531,507,0.623396,518,0.786643,16,0.402948,139
mfft,1,7,2400,39.479535,0.621855,0.353898,839,0.786844,361,0.661102,226,0.852742,495,0.507631,384,0.405090,187,0.822130,641,0.633999,592,0.784674,16,0.410443,156
mfft,1,8,2700,40.660109,0.624095,0.356013,917,0.793109,388,0.661469,248,0.849656,542,0.510653,414,0.392005,203,0.813790,717,0.629474,628,0.843886,20,0.390896,166
mfft,1,9,3000,41.660701,0.634902,0.362696,999,0.792093,429,0.669321,270,0.854057,588,0.527349,440,0.425877,228,0.819258,769,0.638214,669,0.817427,27,0.442732,171
mfft,2,0,300,0.000318,0.219234,0.135552,9,0.276170,3,0.034364,1,0.698591,15,0.091603,4,0.018267,3,0.675884,22,0.201012,9,0.042387,2,0.018514,0
mfft,2,1,600,33.999968,0.455062,0.256405,183,0.677069,69,0.542866,45,0.765214,68,0.368150,82,0.206706,33,0.735822,146,0.522483,125,0.372195,3,0.103707,23
mfft,2,2,900,33.82693,0.529043,0.287922,332,0.711648,129,0.600041,89,0.769627,168,0.453976,161,0.326810,77,0.771561,219,0.558603,237,0.571373,12,0.238869,63
mfft,2,3,1200,35.082312,0.585358,0.312403,440,0.741702,197,0.618560,111,0.820875,241,0.462282,222,0.375317,110,0.785326,283,0.605246,328,0.786940,27,0.344929,87
mfft,2,4,1500,36.097516,0.589600,0.329121,525,0.770867,248,0.624627,127,0.831346,309,0.457176,259,0.344032,142,0.790743,357,0.592923,385,0.802119,30,0.353041,93
mfft,2,5,1800,37.685851,0.601626,0.329235,628,0.774938,293,0.661219,161,0.833282,369,0.473188,309,0.386436,166,0.805657,424,0.621419,444,0.828283,30,0.302605,114
mfft,2,6,2100,38.335858,0.612222,0.352169,742,0.773051,316,0.657441,198,0.844174,418,0.486990,351,0.360950,190,0.813201,551,0.622336,508,0.844924,30,0.366984,132
mfft,2,7,2400,39.716143,0.619890,0.362184,875,0.782159,356,0.661563,222,0.847515,467,0.507898,402,0.360629,206,0.825670,681,0.628233,583,0.838109,31,0.384938,151
mfft,2,8,2700,42.561491,0.628683,0.368943,943,0.787488,381,0.681889,249,0.852860,517,0.508655,425,0.382627,218,0.824201,734,0.626300,619,0.862623,35,0.391244,164
mfft,2,9,3000,44.77859,0.631538,0.370563,987,0.796085,422,0.673432,262,0.855878,571,0.521307,437,0.423552,229,0.830023,767,0.629493,640,0.848601,37,0.366446,165
mfft,3,0,300,0.00031,0.179969,0.022376,9,0.324049,5,0.091391,4,0.323499,9,0.010063,2,0.010865,4,0.648441,21,0.012138,1,0.351861,3,0.005007,3
mfft,3,1,600,34.540956,0.424954,0.222670,64,0.707223,137,0.442588,15,0.790079,145,0.342650,29,0.065506,15,0.712597,38,0.353337,28,0.504979,3,0.107912,9
mfft,3,2,900,36.166081,0.540479,0.285620,225,0.720175,180,0.607389,93,0.796452,218,0.424105,122,0.320174,54,0.781350,142,0.564369,154,0.590945,5,0.314211,53
mfft,3,3,1200,35.060769,0.557167,0.308753,409,0.744705,214,0.599683,137,0.802384,266,0.470743,211,0.338445,91,0.771685,260,0.575865,298,0.640568,7,0.318841,98
mfft,3,4,1500,37.017384,0.582817,0.334520,498,0.762927,273,0.637993,154,0.839400,331,0.490075,260,0.351509,124,0.789388,317,0.603583,380,0.683060,11,0.335715,112
mfft,3,5,1800,37.228381,0.589114,0.352600,595,0.774512,305,0.640907,172,0.840979,401,0.485051,316,0.387003,157,0.797673,396,0.615737,462,0.640680,15,0.355995,129
mfft,3,6,2100,37.94813,0.610901,0.359384,678,0.784709,355,0.657734,191,0.843497,470,0.498114,357,0.416916,181,0.808131,472,0.623496,521,0.716619,21,0.400413,140
mfft,3,7,2400,39.722273,0.603066,0.355627,804,0.789110,383,0.647301,220,0.844645,523,0.510024,396,0.423688,201,0.811228,583,0.631557,594,0.617090,23,0.400385,156
mfft,3,8,2700,41.483326,0.604869,0.352995,931,0.782374,407,0.666552,252,0.852275,559,0.504112,447,0.419858,225,0.812601,718,0.618945,668,0.672811,24,0.366172,172
mfft,3,9,3000,41.875153,0.627366,0.365425,996,0.789645,427,0.670512,267,0.851906,599,0.516716,473,0.418739,239,0.827174,791,0.629645,698,0.813221,28,0.390676,179
mfft,4,0,300,0.000324,0.216194,0.069437,11,0.326869,7,0.080473,3,0.533099,11,0.036484,4,0.053246,4,0.672463,30,0.188298,6,0.189310,3,0.012264,1
mfft,4,1,600,35.038782,0.459428,0.194635,93,0.689580,75,0.461008,21,0.804464,163,0.348611,54,0.304866,44,0.735521,66,0.481002,91,0.471072,20,0.103516,23
mfft,4,2,900,33.402044,0.529688,0.285036,269,0.711775,142,0.592426,70,0.811441,233,0.424403,174,0.333579,81,0.773248,161,0.551416,226,0.500337,21,0.313219,72
mfft,4,3,1200,51.43044,0.555589,0.298194,362,0.746742,222,0.610017,88,0.829149,282,0.449138,211,0.365449,102,0.787476,228,0.586230,284,0.536643,33,0.346850,90
mfft,4,4,1500,37.467422,0.565342,0.318480,443,0.767035,276,0.617292,110,0.830732,346,0.488830,246,0.359695,126,0.798084,302,0.593098,353,0.520694,33,0.359475,100
mfft,4,5,1800,48.020699,0.571083,0.317509,556,0.757782,317,0.630665,139,0.832082,404,0.472336,297,0.362393,157,0.801983,394,0.596537,419,0.591651,35,0.347891,111
mfft,4,6,2100,40.33271,0.597877,0.331223,687,0.775627,348,0.651533,176,0.850838,451,0.498431,350,0.383232,185,0.812573,505,0.618769,491,0.644618,35,0.411921,136
mfft,4,7,2400,58.955262,0.603047,0.336558,771,0.789252,376,0.675392,202,0.851432,517,0.509705,382,0.412655,208,0.812357,576,0.627077,558,0.626198,35,0.389848,147
mfft,4,8,2700,61.388407,0.609277,0.354068,906,0.785336,399,0.678281,235,0.855545,564,0.514707,418,0.408212,231,0.820505,729,0.632504,622,0.619282,35,0.424327,163
mfft,4,9,3000,51.461813,0.639114,0.352251,952,0.795361,430,0.680791,248,0.858578,609,0.529439,433,0.430938,237,0.827071,772,0.632946,651,0.886760,42,0.397007,171
mfft,5,0,300,0.082255,0.189305,0.066412,9,0.492572,9,0.008433,3,0.443713,11,0.025112,5,0.009874,1,0.618521,22,0.209402,7,0.001293,0,0.017713,3
mfft,5,1,600,43.123492,0.420299,0.241566,176,0.687817,106,0.556285,41,0.730174,71,0.357321,66,0.292818,27,0.710226,116,0.527727,128,0.002357,0,0.096697,32
mfft,5,2,900,51.747637,0.500777,0.309441,320,0.729725,158,0.600190,91,0.793565,171,0.423584,151,0.347493,77,0.768811,211,0.566665,259,0.171591,2,0.296705,75
mfft,5,3,1200,44.298801,0.553848,0.319128,414,0.735433,231,0.604593,111,0.803887,224,0.419424,197,0.397038,106,0.786540,274,0.594898,324,0.572414,7,0.305125,90
mfft,5,4,1500,47.256276,0.590616,0.335808,514,0.766758,275,0.627120,130,0.823369,293,0.479039,238,0.387256,133,0.800342,366,0.596614,381,0.765884,13,0.323967,103
mfft,5,5,1800,48.794908,0.600128,0.345004,615,0.760992,310,0.641844,155,0.830777,354,0.501294,296,0.399721,167,0.804493,448,0.615770,460,0.770197,17,0.331187,119
mfft,5,6,2100,55.549411,0.606393,0.345720,744,0.768244,341,0.654302,190,0.832451,412,0.499163,341,0.431304,195,0.807425,545,0.617266,536,0.768341,17,0.339721,136
mfft,5,7,2400,64.644172,0.623571,0.359477,869,0.767765,361,0.672451,218,0.840784,455,0.509899,386,0.404788,215,0.817280,675,0.621556,599,0.848672,21,0.393039,151
mfft,5,8,2700,50.670459,0.626902,0.362112,937,0.792889,389,0.667922,240,0.852017,505,0.517478,405,0.417005,228,0.818397,747,0.613123,629,0.849697,22,0.378383,163
mfft,5,9,3000,64.577744,0.633431,0.368724,1006,0.798371,427,0.670565,263,0.852145,561,0.508771,436,0.420133,240,0.823485,798,0.616394,672,0.873088,29,0.402630,168
mfft,6,0,300,0.000303,0.198015,0.137752,13,0.325447,4,0.009582,1,0.481180,9,0.026073,2,0.018135,1,0.679854,22,0.161484,4,0.134054,1,0.006584,0
mfft,6,1,600,70.590338,0.395505,0.233214,141,0.671071,46,0.123952,12,0.783470,117,0.339679,89,0.057005,26,0.747517,117,0.548252,133,0.356591,1,0.094301,28
mfft,6,2,900,42.457105,0.537664,0.297302,297,0.734346,102,0.523114,73,0.799111,171,0.448653,152,0.311914,71,0.770273,219,0.580326,234,0.594307,16,0.317296,76
mfft,6,3,1200,59.247849,0.571623,0.319184,413,0.740933,178,0.603632,102,0.821320,243,0.491068,218,0.387614,102,0.790139,274,0.583134,330,0.643480,19,0.335725,93
mfft,6,4,1500,49.58046,0.593285,0.316451,503,0.773120,252,0.614982,125,0.833079,311,0.466439,258,0.383334,132,0.798619,336,0.581935,378,0.822767,24,0.342120,103
mfft,6,5,1800,65.707139,0.610801,0.342682,606,0.782443,291,0.620863,148,0.838772,363,0.512212,307,0.405108,157,0.814742,430,0.605038,459,0.818166,26,0.367984,116
mfft,6,6,2100,56.503303,0.618170,0.359431,727,0.789711,326,0.635745,174,0.843786,428,0.515116,359,0.420850,191,0.816440,523,0.610632,523,0.812283,26,0.377709,129
mfft,6,7,2400,54.213374,0.620862,0.354063,842,0.785511,358,0.645733,212,0.837148,482,0.523569,390,0.435360,206,0.820816,649,0.619074,587,0.772682,26,0.414663,148
mfft,6,8,2700,59.803125,0.631399,0.364939,949,0.796469,380,0.649761,245,0.846799,529,0.517380,436,0.435597,225,0.824208,735,0.625245,646,0.855935,31,0.397658,169
mfft,6,9,3000,59.326289,0.635294,0.355099,998,0.802907,412,0.648930,258,0.848732,576,0.536216,455,0.447297,231,0.828957,788,0.624665,666,0.878279,33,0.381853,173
mfft,7,0,300,0.000323,0.259656,0.087530,12,0.532984,5,0.156774,4,0.633526,9,0.103781,6,0.048918,3,0.637630,23,0.365513,7,0.005966,0,0.023935,2
mfft,7,1,600,50.23262,0.427250,0.240269,182,0.650445,62,0.545160,65,0.766451,78,0.416360,113,0.186845,36,0.700699,134,0.543397,174,0.090314,1,0.132563,35
mfft,7,2,900,53.253786,0.512071,0.294832,326,0.686317,122,0.575576,89,0.795906,158,0.437341,182,0.330665,86,0.734184,203,0.577879,276,0.355811,8,0.332203,82
mfft,7,3,1200,52.383792,0.581551,0.311440,412,0.753826,206,0.603203,116,0.812142,231,0.472086,223,0.344680,112,0.777812,270,0.596815,324,0.767909,17,0.375597,91
mfft,7,4,1500,54.140461,0.586278,0.310495,528,0.772825,256,0.630104,148,0.833346,306,0.493362,268,0.354590,131,0.786217,345,0.617297,405,0.708350,17,0.356196,108
mfft,7,5,1800,63.38892,0.591201,0.321505,619,0.778339,300,0.634684,173,0.837355,379,0.493798,310,0.392507,157,0.799056,424,0.626076,466,0.722017,18,0.306667,116
mfft,7,6,2100,54.053125,0.597946,0.338545,722,0.776206,343,0.638752,197,0.842556,428,0.500299,355,0.391348,181,0.808718,527,0.620218,541,0.728191,19,0.334631,134
mfft,7,7,2400,51.034083,0.610859,0.350234,858,0.775061,374,0.656173,231,0.848720,493,0.493696,411,0.399824,208,0.818017,638,0.634256,614,0.755342,19,0.377273,148
mfft,7,8,2700,56.198571,0.610433,0.352028,950,0.791601,389,0.668150,255,0.854605,529,0.491815,432,0.402991,225,0.823426,745,0.626545,664,0.754082,24,0.339085,163
mfft,7,9,3000,57.157443,0.617453,0.358627,992,0.805372,429,0.660297,267,0.856586,580,0.512845,446,0.414415,232,0.825158,785,0.627788,682,0.743691,26,0.369752,168
mfft,8,0,300,0.000293,0.201364,0.066519,8,0.469915,5,0.077255,5,0.435573,13,0.065767,3,0.004879,3,0.665769,23,0.212610,6,0.010099,4,0.005252,1
mfft,8,1,600,42.885642,0.430982,0.227011,119,0.686515,95,0.530594,41,0.763023,62,0.324930,54,0.041480,11,0.747284,131,0.446214,75,0.489706,4,0.053061,17
mfft,8,2,900,64.169354,0.557924,0.280482,252,0.726394,153,0.577159,69,0.811429,144,0.416005,121,0.341876,71,0.772716,184,0.562352,176,0.802641,27,0.288187,65
mfft,8,3,1200,56.064908,0.582460,0.298467,384,0.755041,211,0.599034,100,0.813085,224,0.474240,191,0.359483,109,0.798833,263,0.593521,279,0.791634,27,0.341266,92
mfft,8,4,1500,55.587992,0.602607,0.332976,493,0.767427,268,0.618907,127,0.826828,293,0.488136,235,0.381886,129,0.801893,332,0.596014,356,0.860006,34,0.351995,113
mfft,8,5,1800,54.522111,0.614336,0.338337,601,0.777768,303,0.638556,164,0.833924,361,0.492303,283,0.408363,156,0.817792,413,0.610005,426,0.844565,37,0.381750,125
mfft,8,6,2100,52.136077,0.622880,0.356721,710,0.787716,347,0.658798,184,0.832596,416,0.519810,343,0.404097,184,0.814527,497,0.618864,500,0.837732,37,0.397938,131
mfft,8,7,2400,53.073244,0.621920,0.342909,823,0.786669,375,0.671561,229,0.842948,474,0.503841,396,0.414227,216,0.821542,618,0.607650,573,0.851780,37,0.376078,145
mfft,8,8,2700,56.072098,0.630320,0.356289,951,0.794702,399,0.670760,257,0.852821,504,0.529647,436,0.393737,230,0.828337,773,0.629357,657,0.840028,37,0.407525,166
mfft,8,9,3000,52.303839,0.639103,0.362734,1008,0.800871,424,0.670385,274,0.852414,561,0.527098,460,0.408675,245,0.829523,834,0.634602,685,0.878716,42,0.426013,173
mfft,9,0,300,0.000287,0.162456,0.090337,12,0.372836,6,0.106048,2,0.259102,8,0.012504,4,0.028765,6,0.634972,34,0.116366,3,0.003016,1,0.000613,1
mfft,9,1,600,47.05268,0.464406,0.241010,139,0.677269,45,0.429724,33,0.777957,74,0.320060,68,0.278872,34,0.715602,136,0.543670,132,0.593784,5,0.066115,30
mfft,9,2,900,59.934437,0.563584,0.290818,273,0.713562,116,0.542166,67,0.804098,156,0.428964,156,0.360935,80,0.745736,209,0.574155,250,0.809570,24,0.365839,74
mfft,9,3,1200,55.368487,0.590025,0.342158,432,0.747771,180,0.607323,113,0.814916,209,0.457048,229,0.376048,121,0.771375,305,0.591921,350,0.819087,25,0.372607,106
mfft,9,4,1500,57.098953,0.600134,0.351982,522,0.764310,259,0.639923,136,0.836558,291,0.467906,259,0.395459,149,0.786817,355,0.606773,400,0.792891,25,0.358721,116
mfft,9,5,1800,51.683082,0.611837,0.360329,617,0.776227,301,0.653304,168,0.851612,370,0.497756,294,0.396114,177,0.790186,435,0.611656,454,0.797111,27,0.384077,131
mfft,9,6,2100,52.645711,0.615183,0.362088,712,0.790346,337,0.659867,192,0.857326,420,0.494721,348,0.398394,198,0.803456,512,0.624872,528,0.798640,27,0.362119,141
mfft,9,7,2400,67.19349,0.621946,0.372074,858,0.796360,362,0.664121,224,0.857317,460,0.498803,396,0.415347,212,0.812872,657,0.622610,617,0.790492,27,0.389463,163
mfft,9,8,2700,63.493241,0.631766,0.383084,935,0.799224,397,0.666816,243,0.859041,520,0.505462,429,0.399368,224,0.817044,729,0.630928,652,0.831127,31,0.425567,170
mfft,9,9,3000,66.037614,0.628412,0.385805,1005,0.802333,428,0.673723,261,0.858666,581,0.500831,446,0.431371,245,0.819634,775,0.636163,677,0.789285,34,0.386313,173
random,0,0,300,0.000302,0.260200,0.091937,11,0.580487,9,0.044110,3,0.625133,17,0.110278,4,0.047232,3,0.686420,26,0.226733,4,0.173170,2,0.016501,1
random,0,1,600,0.000487,0.272548,0.129875,28,0.575411,16,0.086586,7,0.725327,30,0.108434,9,0.048979,6,0.681726,45,0.289909,9,0.067248,2,0.011988,3
random,0,2,900,0.000463,0.377267,0.163466,41,0.684881,22,0.376239,13,0.756307,37,0.270797,15,0.064928,7,0.719332,79,0.417043,16,0.289129,2,0.030549,6
random,0,3,1200,0.000469,0.410618,0.199555,54,0.710323,28,0.431435,17,0.770663,47,0.257216,18,0.078216,10,0.751929,97,0.427475,20,0.443741,4,0.035622,6
random,0,4,1500,0.000472,0.420999,0.193528,63,0.709203,33,0.444747,21,0.774872,55,0.216744,20,0.084175,11,0.767281,116,0.411266,26,0.578092,5,0.030083,7
random,0,5,1800,0.000466,0.448011,0.219515,68,0.712888,36,0.513599,24,0.781806,67,0.208951,28,0.090686,14,0.794684,142,0.437702,34,0.685205,7,0.035070,9
random,0,6,2100,0.000506,0.489971,0.240050,90,0.735701,41,0.550216,28,0.781968,76,0.347218,33,0.154794,16,0.794045,165,0.441111,41,0.743428,8,0.111175,13
random,0,7,2400,0.000526,0.484016,0.220454,98,0.732306,49,0.531748,33,0.794816,89,0.312398,36,0.154666,18,0.789679,194,0.429827,45,0.819724,12,0.054541,13
random,0,8,2700,0.000555,0.495286,0.239076,112,0.738478,54,0.535631,35,0.812227,105,0.321666,43,0.105299,22,0.804609,220,0.458233,52,0.836900,14,0.100736,15
random,0,9,3000,0.000487,0.492822,0.213929,123,0.718119,60,0.569136,37,0.805252,116,0.288719,47,0.179852,23,0.809430,241,0.469162,58,0.822273,14,0.052345,15
random,1,0,300,0.000298,0.237886,0.102369,10,0.503459,9,0.018986,4,0.693713,19,0.094355,5,0.020357,1,0.701259,18,0.199178,4,0.003690,0,0.041491,3
random,1,1,600,0.000413,0.284469,0.099505,17,0.595901,13,0.318934,8,0.763274,27,0.130915,10,0.028557,1,0.749532,43,0.136231,7,0.002148,0,0.019689,3
random,1,2,900,0.000463,0.374855,0.152890,28,0.651032,17,0.367588,13,0.772337,34,0.219788,17,0.038559,3,0.757984,75,0.251215,9,0.504268,2,0.032890,3
random,1,3,1200,0.000479,0.402038,0.140948,41,0.665485,22,0.435004,19,0.790350,41,0.218245,22,0.041506,6,0.759833,104,0.302773,15,0.648611,5,0.017623,3
random,1,4,1500,0.000482,0.428099,0.151431,58,0.681735,28,0.503261,25,0.785013,52,0.233343,27,0.069524,7,0.772549,132,0.348017,22,0.712280,8,0.023838,6
random,1,5,1800,0.00045,0.453978,0.182756,75,0.716379,38,0.510434,27,0.781605,65,0.285410,34,0.105747,10,0.771808,160,0.431300,30,0.727259,10,0.027085,9
random,1,6,2100,0.000478,0.441303,0.162251,89,0.718290,40,0.524980,35,0.801361,67,0.182035,37,0.108051,13,0.780037,184,0.414389,35,0.697607,10,0.024027,11
random,1,7,2400,0.000507,0.471162,0.212138,104,0.716782,47,0.566408,36,0.798446,77,0.287401,40,0.093543,13,0.789225,216,0.431827,42,0.789947,13,0.025910,11
random,1,8,2700,0.00048,0.507150,0.228805,117,0.731150,55,0.568000,38,0.803443,88,0.383017,47,0.252842,17,0.790601,242,0.463758,46,0.801629,14,0.048256,14
random,1,9,3000,0.000482,0.521633,0.220845,128,0.751763,62,0.594501,46,0.823389,101,0.368911,51,0.235723,20,0.795443,267,0.488125,50,0.840146,15,0.097479,14
random,2,0,300,0.00044,0.224978,0.046923,9,0.218292,4,0.371570,7,0.646549,16,0.011462,3,0.003368,1,0.710091,25,0.236228,5,0.003578,0,0.001713,0
random,2,1,600,0.002126,0.377745,0.131438,25,0.612069,11,0.497302,11,0.759726,29,0.144775,9,0.046143,2,0.729694,44,0.350047,12,0.494111,2,0.012144,0
random,2,2,900,0.000331,0.391257,0.141668,39,0.678379,19,0.467147,19,0.781547,43,0.097598,13,0.052393,6,0.772774,74,0.380011,19,0.518659,2,0.022400,2
random,2,3,1200,0.000315,0.415163,0.166423,44,0.703573,26,0.504683,24,0.791181,59,0.150857,15,0.051046,7,0.770082,95,0.454589,24,0.538061,3,0.021139,2
random,2,4,1500,0.000497,0.437010,0.195373,62,0.715773,33,0.537413,27,0.776581,76,0.144213,20,0.077858,11,0.783571,118,0.483740,30,0.631098,5,0.024475,2
random,2,5,1800,0.000329,0.433991,0.154030,78,0.729311,38,0.557325,33,0.808700,86,0.126564,25,0.068466,13,0.799674,140,0.427541,38,0.643927,7,0.024373,2
random,2,6,2100,0.000321,0.468703,0.215358,85,0.730204,45,0.569173,41,0.806798,98,0.154152,29,0.088937,15,0.802303,162,0.495655,41,0.774175,13,0.050271,6
random,2,7,2400,0.000429,0.472348,0.210251,102,0.737176,52,0.564059,45,0.812478,107,0.152096,36,0.112344,17,0.812221,190,0.492487,46,0.784221,15,0.046148,8
random,2,8,2700,0.000332,0.471705,0.200332,112,0.741256,62,0.588150,49,0.810438,115,0.160534,38,0.118123,17,0.807478,212,0.463171,49,0.783835,17,0.043737,9
random,2,9,3000,0.000346,0.479962,0.215130,127,0.743818,69,0.586923,53,0.819811,129,0.166318,41,0.116328,20,0.812089,245,0.499936,57,0.792503,18,0.046762,9
random,3,0,300,0.000298,0.166045,0.030538,10,0.445572,7,0.026606,4,0.191192,14,0.007909,6,0.002504,1,0.624948,24,0.208565,4,0.121589,2,0.001030,0
random,3,1,600,0.000375,0.266887,0.095799,21,0.537644,13,0.163763,9,0.710578,33,0.068667,9,0.018442,4,0.658317,44,0.228011,11,0.176557,3,0.011089,3
random,3,2,900,0.000333,0.315381,0.160107,32,0.562794,19,0.292649,13,0.738218,50,0.163441,11,0.048587,10,0.732338,75,0.242244,16,0.195999,3,0.017434,4
random,3,3,1200,0.000432,0.383499,0.176648,39,0.569106,27,0.477782,16,0.782350,61,0.188895,16,0.063294,10,0.755252,102,0.305459,21,0.499034,4,0.017165,4
random,3,4,1500,0.000457,0.398144,0.158935,53,0.634036,29,0.394714,21,0.788020,68,0.217236,20,0.058926,11,0.773920,137,0.281222,25,0.649379,6,0.025051,6
random,3,5,1800,0.000438,0.411608,0.155076,59,0.624941,33,0.494465,25,0.790142,87,0.197489,25,0.079073,12,0.778688,161,0.311300,29,0.660720,6,0.024189,7
random,3,6,2100,0.000438,0.446508,0.174892,67,0.665348,37,0.493227,26,0.805613,97,0.223608,30,0.197844,18,0.791892,182,0.309325,34,0.775698,8,0.027630,8
random,3,7,2400,0.000454,0.432426,0.184557,79,0.724082,45,0.434212,32,0.822594,107,0.204544,32,0.061384,20,0.789836,201,0.356444,36,0.721643,11,0.024963,8
random,3,8,2700,0.000456,0.466546,0.158497,88,0.711643,52,0.539024,35,0.817875,123,0.203212,36,0.217067,24,0.797675,221,0.432091,44,0.764414,13,0.023958,9
random,3,9,3000,0.000452,0.465956,0.195648,102,0.715627,59,0.532993,39,0.837245,141,0.172636,38,0.153837,25,0.802913,242,0.400301,48,0.826706,15,0.021657,9
random,4,0,300,0.000406,0.288790,0.109431,7,0.522734,7,0.332366,7,0.587441,12,0.054408,4,0.017546,2,0.705547,28,0.113678,2,0.428046,3,0.016706,1
random,4,1,600,0.000389,0.337846,0.113581,15,0.624105,18,0.429950,9,0.682871,22,0.057104,6,0.031180,2,0.698417,46,0.219260,6,0.512172,4,0.009825,1
random,4,2,900,0.000309,0.369222,0.138436,25,0.649356,24,0.468346,12,0.767836,40,0.097493,10,0.043449,3,0.726791,71,0.307645,14,0.472100,5,0.020767,3
random,4,3,1200,0.000361,0.417499,0.139579,40,0.678746,27,0.494829,15,0.791563,45,0.137175,15,0.070527,7,0.754820,95,0.376802,21,0.708799,7,0.022150,4
random,4,4,1500,0.000313,0.426610,0.150932,48,0.697987,31,0.494940,18,0.787021,55,0.162656,16,0.047306,9,0.777602,118,0.383151,23,0.739162,8,0.025345,4
random,4,5,1800,0.000439,0.434812,0.163140,61,0.689615,38,0.508310,21,0.791140,65,0.194265,20,0.067768,9,0.788167,142,0.425215,28,0.699689,10,0.020807,6
random,4,6,2100,0.000437,0.462320,0.176551,76,0.728634,46,0.550964,26,0.805540,78,0.281465,24,0.103025,16,0.791741,164,0.377181,30,0.774458,11,0.033637,6
random,4,7,2400,0.000467,0.469561,0.181614,84,0.734633,54,0.552412,30,0.811523,88,0.233682,28,0.184873,18,0.801718,190,0.341452,35,0.825703,13,0.027996,9
random,4,8,2700,0.000458,0.485650,0.196992,102,0.741161,64,0.564368,33,0.817487,109,0.270783,31,0.170888,23,0.804013,219,0.451261,43,0.794572,13,0.044977,10
random,4,9,3000,0.000466,0.472539,0.215859,114,0.748917,68,0.552678,36,0.823044,119,0.200612,37,0.194009,25,0.795873,246,0.420003,47,0.743858,14,0.030537,10
random,5,0,300,0.000292,0.246845,0.097890,11,0.590194,10,0.278725,7,0.601744,14,0.066958,5,0.023036,4,0.669286,27,0.124009,4,0.001426,0,0.015181,2
random,5,1,600,0.000396,0.320092,0.123203,25,0.659736,15,0.283391,9,0.756129,25,0.155362,14,0.047702,4,0.710471,53,0.233340,11,0.211759,2,0.019827,5
random,5,2,900,0.000335,0.337466,0.161345,42,0.635920,20,0.338734,14,0.755572,41,0.131746,17,0.051592,8,0.745030,77,0.289949,16,0.247818,2,0.016948,6
random,5,3,1200,0.000447,0.398044,0.159853,56,0.688190,28,0.425499,19,0.791003,55,0.181462,20,0.059085,11,0.755131,99,0.374801,20,0.524674,5,0.020746,7
random,5,4,1500,0.000436,0.411510,0.170055,66,0.710990,36,0.426990,20,0.800886,60,0.279996,25,0.061250,13,0.762680,120,0.383466,27,0.497079,5,0.021710,8
random,5,5,1800,0.000449,0.421230,0.196513,76,0.710009,45,0.443350,23,0.799992,66,0.215248,28,0.066590,15,0.781819,139,0.430551,35,0.534412,7,0.033811,10
random,5,6,2100,0.000433,0.430227,0.200667,97,0.730748,49,0.451079,26,0.810818,78,0.207669,39,0.075947,22,0.800509,167,0.431573,43,0.561602,8,0.031655,13
random,5,7,2400,0.00044,0.446345,0.216736,106,0.744685,59,0.487829,31,0.815834,89,0.240597,42,0.096629,25,0.802540,192,0.409485,47,0.620295,9,0.028815,15
random,5,8,2700,0.0005,0.483543,0.229868,115,0.754189,67,0.553187,34,0.812148,98,0.310021,43,0.199176,27,0.806300,213,0.444661,51,0.690517,11,0.035364,16
random,5,9,3000,0.000434,0.478094,0.228842,124,0.749097,74,0.554276,37,0.816428,107,0.265325,46,0.143789,28,0.816799,237,0.450723,59,0.717337,11,0.038321,17
random,6,0,300,0.000261,0.197562,0.119540,11,0.405449,7,0.010624,1,0.373920,6,0.045662,5,0.019008,1,0.659894,20,0.119142,6,0.210859,3,0.011520,0
random,6,1,600,0.00046,0.216220,0.132528,20,0.461257,15,0.082040,4,0.465273,20,0.075160,7,0.024807,3,0.708545,44,0.128140,9,0.071871,3,0.012581,1
random,6,2,900,0.000443,0.369851,0.133337,32,0.639968,21,0.293438,8,0.734962,35,0.110115,13,0.047450,4,0.754082,66,0.342359,13,0.624538,5,0.018258,1
random,6,3,1200,0.000503,0.393873,0.175706,45,0.647471,31,0.285561,11,0.758026,47,0.195069,15,0.052807,6,0.759260,95,0.343953,18,0.700884,9,0.019995,3
random,6,4,1500,0.000463,0.407889,0.179573,52,0.703206,35,0.387306,11,0.772315,65,0.116375,19,0.042886,8,0.777444,113,0.347835,25,0.728799,11,0.023149,4
random,6,5,1800,0.000516,0.429150,0.199643,61,0.695546,42,0.497339,15,0.779028,75,0.122305,26,0.054059,9,0.791709,139,0.349557,26,0.773993,13,0.028316,4
random,6,6,2100,0.000524,0.438951,0.210155,76,0.713458,52,0.430853,18,0.789262,81,0.251746,30,0.053933,10,0.790107,163,0.393178,31,0.736766,14,0.020051,5
random,6,7,2400,0.000463,0.432573,0.184840,87,0.721925,57,0.454159,25,0.791371,91,0.206513,38,0.063187,12,0.803834,189,0.400696,38,0.676740,17,0.022461,5
random,6,8,2700,0.00047,0.460729,0.243725,97,0.737960,62,0.569339,28,0.815161,105,0.141204,44,0.059690,14,0.804430,215,0.422608,43,0.781417,19,0.031752,5
random,6,9,3000,0.00045,0.451712,0.209171,105,0.746199,71,0.459920,29,0.816439,118,0.194301,48,0.098013,18,0.802783,240,0.396990,46,0.771483,20,0.021819,7
random,7,0,300,0.000279,0.188880,0.087919,16,0.480528,11,0.271704,7,0.249798,8,0.023174,2,0.008689,2,0.671709,31,0.079152,5,0.004874,0,0.011258,1
random,7,1,600,0.000431,0.319187,0.143853,24,0.694729,22,0.403496,8,0.702828,19,0.087119,6,0.068384,5,0.731820,47,0.237436,9,0.094137,1,0.028063,3
random,7,2,900,0.000318,0.307380,0.164364,35,0.647446,31,0.302541,10,0.743800,32,0.118809,12,0.050220,8,0.729499,80,0.261120,15,0.025437,1,0.030569,5
random,7,3,1200,0.000341,0.428639,0.200103,46,0.722754,36,0.485709,11,0.766001,39,0.146070,15,0.112680,11,0.742618,99,0.390861,19,0.681669,4,0.037925,5
random,7,4,1500,0.000415,0.462041,0.192732,63,0.712964,41,0.551108,16,0.781322,51,0.211453,20,0.091256,12,0.755066,122,0.465281,28,0.803321,6,0.055902,6
random,7,5,1800,0.000449,0.483362,0.204902,78,0.739931,52,0.543431,22,0.782062,70,0.219683,27,0.200613,16,0.775857,147,0.474454,33,0.839060,8,0.053630,8
random,7,6,2100,0.000448,0.493561,0.191442,92,0.728349,60,0.582822,25,0.800285,82,0.293428,34,0.196362,18,0.779862,170,0.466088,42,0.853595,9,0.043382,11
random,7,7,2400,0.000445,0.499413,0.229877,103,0.735237,67,0.594056,29,0.821013,92,0.242010,38,0.198471,19,0.796921,200,0.487553,49,0.823828,10,0.065162,14
random,7,8,2700,0.000457,0.509215,0.244062,114,0.740024,74,0.587069,34,0.816287,106,0.309648,43,0.188634,20,0.794472,225,0.495323,54,0.864992,11,0.051639,15
random,7,9,3000,0.000457,0.505750,0.184641,128,0.753142,82,0.597398,38,0.814675,121,0.325749,52,0.178219,22,0.794710,251,0.494231,59,0.865850,13,0.048887,16
random,8,0,300,0.000286,0.310950,0.111655,14,0.607748,12,0.166975,3,0.662593,12,0.085549,7,0.040204,4,0.708222,23,0.291044,10,0.420431,3,0.015080,1
random,8,1,600,0.000407,0.342448,0.143695,25,0.650561,23,0.080068,4,0.742293,34,0.111608,9,0.052280,7,0.765120,58,0.366709,18,0.489306,4,0.022841,1
random,8,2,900,0.000451,0.368083,0.169767,38,0.652472,26,0.062705,5,0.764544,48,0.119078,12,0.114492,17,0.779845,94,0.396757,24,0.601865,6,0.019307,1
random,8,3,1200,0.000451,0.371597,0.168061,47,0.695588,34,0.086839,8,0.776531,66,0.116455,20,0.170223,20,0.784626,112,0.358980,31,0.537157,7,0.021506,3
random,8,4,1500,0.000507,0.416121,0.151515,53,0.715487,44,0.347609,10,0.796024,79,0.135320,22,0.186486,21,0.801843,132,0.439202,34,0.565297,7,0.022428,3
random,8,5,1800,0.000444,0.439056,0.177037,58,0.737430,54,0.373456,12,0.810478,96,0.153890,25,0.164883,26,0.802395,160,0.500279,38,0.651381,10,0.019336,3
random,8,6,2100,0.000456,0.461927,0.200276,76,0.745313,64,0.408147,16,0.816509,110,0.298710,35,0.215561,29,0.809448,183,0.441400,47,0.655343,13,0.028561,4
random,8,7,2400,0.000478,0.474332,0.190651,82,0.749267,67,0.419519,19,0.821426,123,0.278220,38,0.237548,32,0.809115,210,0.495202,56,0.713660,15,0.028713,5
random,8,8,2700,0.000437,0.479873,0.188846,94,0.746895,72,0.481271,23,0.824562,133,0.237796,40,0.228534,35,0.813431,234,0.506435,67,0.742268,16,0.028695,7
random,8,9,3000,0.000464,0.461688,0.224353,106,0.744216,80,0.404134,24,0.825562,151,0.200537,45,0.143382,38,0.815901,259,0.484302,70,0.741413,20,0.033082,7
random,9,0,300,0.000286,0.238488,0.090207,13,0.549234,10,0.017777,2,0.549837,13,0.089097,6,0.090505,1,0.715857,33,0.209406,4,0.066272,1,0.006686,0
random,9,1,600,0.000469,0.339135,0.135009,25,0.607349,17,0.225224,4,0.683929,25,0.126985,11,0.059069,3,0.723283,57,0.347394,14,0.468955,3,0.014158,1
random,9,2,900,0.000461,0.402329,0.149706,38,0.652223,24,0.386395,7,0.759150,42,0.142664,15,0.057771,5,0.738715,78,0.355787,21,0.752281,5,0.028602,4
random,9,3,1200,0.000511,0.421981,0.147692,50,0.681129,28,0.463264,12,0.750740,53,0.232067,20,0.073301,6,0.766700,89,0.380056,27,0.687660,5,0.037203,7
random,9,4,1500,0.000463,0.450383,0.166817,63,0.687997,39,0.492666,16,0.783715,67,0.230737,24,0.142725,9,0.766337,112,0.390605,33,0.781978,6,0.060256,8
random,9,5,1800,0.000526,0.466184,0.202276,73,0.714949,47,0.534969,25,0.794531,81,0.199331,28,0.168730,12,0.771725,138,0.434409,40,0.803459,7,0.037466,9
random,9,6,2100,0.00045,0.449986,0.156948,82,0.715940,51,0.495856,29,0.816293,97,0.212853,31,0.109525,15,0.785596,161,0.396405,44,0.768816,7,0.041625,10
random,9,7,2400,0.000461,0.506542,0.213812,93,0.738768,61,0.549642,36,0.817195,111,0.328194,31,0.240540,15,0.784564,184,0.467995,52,0.822039,8,0.102670,14
random,9,8,2700,0.000502,0.503798,0.212203,107,0.738781,70,0.583708,42,0.813607,125,0.347591,36,0.214414,17,0.786911,217,0.472946,57,0.833043,9,0.034780,14
random,9,9,3000,0.000462,0.503149,0.221709,119,0.746748,76,0.555421,45,0.823121,141,0.306723,40,0.251931,21,0.800853,246,0.473723,63,0.818550,11,0.032706,15
